subject,predicate,object,image_id
man,wear,hat,93437
telephone,have,banana,12667
group,drive,tree,314251
man,enjoy,nap,223747
man,wear,hat,93437
dog,watch,television,482917
dog,watch,tv,482917
woman,take,selfie,561256
cat,catch,bird,46378
cat,devour,bird,46378
woman,take,photo,561256
custom,make,motorcycles,226662
cat,take,pose,255965
toddler,celebrate,birthday,117425
woman,hold,camera,561256
bowl,have,oranges,192871
giraffe,check,other,159977
truck,have,dog,65485
bathroom,have,sink,51598
that,have,garbage,51598
photo,eith,lock,492937
group,ride,street,314251
who,share,bathroom,393569
child,hold,spoon,117425
women,wash,motorcycles,177934
bathroom,feature,sink,570736
girls,wash,motorcycle,177934
cream,theme,bathroom,570736
some,cabinet,washer,552883
bathroom,have,walls,187513
train,have,door,210502
kitchen,have,chest,435880
man,eat,banana,173008
spectators,enjoy,show,204186
man,eat,banana,173008
man,take,bite,173008
we,see,horse,368335
people,ride,motorcycle,102411
closeup,have,fork,504711
man,herd,goats,181666
officer,lay,trap,230008
room,have,tables,543047
people,ride,motorcycle,102411
tram,make,way,86220
plane,leave,tail,485802
airplane,leave,contrail,485802
bathroom,have,look,489091
people,cross,street,412894
chamber,contain,devices,155154
bathroom,contain,toilet,62025
lot,feature,trees,152771
exhibit,feature,planes,71711
bathroom,have,mirror,62025
cat,meander,walkway,153217
photos,show,girls,163746
who,set,camp,571857
that,have,rack,147518
bus,have,seats,194832
man,take,picture,202228
bus,have,seats,194832
person,hold,spatula,243204
woman,carry,bunch,147740
tv,adorn,mirror,17379
apartment,have,belongings,368900
cat,drink,water,134096
that,have,wheels,441586
people,make,turns,214192
tiger,stripe,cat,163155
man,take,picture,202228
bathroom,have,trim,360564
that,cook,food,243204
that,paint,color,90631
airplane,make,way,98520
clock,read,11:44,267351
tower,feature,clock,267351
bathroom,have,sink,354072
bathroom,have,pattern,360564
jets,fly,water,1761
man,ride,motorcycle,553776
woman,brush,teeth,465179
man,ride,motorcycle,553776
men,ride,motorcycles,427338
helmet,ride,motorcycle,553776
woman,brush,teeth,465179
woman,brush,teeth,465179
man,blow,candles,211825
skateboarders,roll,slope,122217
man,hold,banana,58705
woman,pull,luggage,168337
plane,leave,trail,90631
floor,have,pattern,368940
room,have,tint,382734
woman,show,slice,139099
bathroom,contain,sink,542089
dog,use,mouth,170893
man,hold,frisbee,163562
buildings,cover,area,555597
person,rest,head,30828
collage,show,car,527220
that,cook,food,281032
pedestrian,cross,street,21839
that,have,monitors,435003
man,prepare,food,281032
church,glass,window,481404
bicyclist,perform,wheelie,472623
bathroom,have,toilet,251065
man,smile,sitting,491090
man,balance,bicycle,472623
that,have,trees,384850
person,cross,street,21839
that,have,trees,384850
man,tie,food,281032
bathroom,have,curtain,384850
contestant,catch,sheep,156071
motorcycles,line,street,356387
woman,put,shopping,146667
someone,drive,cart,520324
person,drive,motorcycle,455624
area,feature,shelving,53505
woman,check,motorcycle,146667
boy,cut,cake,25096
man,race,horse,29187
who,wear,suits,69213
who,ride,motorcycle,455624
area,feature,window,45229
person,ride,motorcycle,380706
bathroom,have,walls,462614
vendor,sell,food,323263
person,ride,motorcycle,380706
couple,prepare,food,441247
woman,leave,building,224724
woman,sell,fruit,323263
that,have,tomatoes,402346
room,feature,cabinets,34873
person,cook,eggs,580294
bathroom,have,walls,286907
woman,wear,wetsuit,489339
island,have,sink,34873
that,have,lunch,293044
woman,make,eggs,580294
lady,prepare,pancakes,580294
cleaners,take,rest,8211
dog,wear,helmet,472375
dog,cut,piece,419974
man,slice,meat,419974
bus,make,turn,206487
bus,make,way,206487
kitchen,have,cabinets,222825
owner,cut,meat,419974
person,spray,inside,206411
man,ride,motorcycle,152120
bathroom,have,pattern,383443
man,spray,toilet,206411
bathroom,show,sink,383443
bathroom,sing,counter,474786
look,herd,sheep,209613
dog,stick,head,365207
man,have,look,262895
someone,demonstrate,works,37670
that,have,tv,77396
mirror,show,dog,365207
kitchen,have,refrigerator,507081
which,include,bidet,255401
which,overlook,water,185802
bathroom,have,seat,232649
wow,pare,some,490936
woman,take,photo,232649
women,take,picture,232649
man,hold,bunch,389812
toilet,paint,red,263796
light,have,faces,531134
motorcycle,chip,doors,149406
that,hit,pole,292997
area,feature,refrigerator,445658
bathroom,have,sinks,376310
kitchen,have,lot,445658
mug,show,skull,2592
streetlights,light,night,133087
people,take,look,272136
girl,eat,banana,550714
group,ride,motocycles,534827
clock,keep,time,184762
monitor,have,picture,149222
it,use,cleaning,523229
clock,have,face,184762
mouse,cord,wires,363840
woman,teach,class,199771
kitchen,have,table,529568
kitchen,have,chandelier,529568
that,ride,motorcycle,433204
people,purchase,tickets,361586
people,serve,food,182611
people,have,plate,182611
nman,pick,food,182611
that,have,floor,453302
that,carpet,floors,68833
toaster,have,eyes,66841
kitchen,have,refrigerator,453302
group,paddle,boat,57672
person,stand,steering,57672
airplane,do,tricks,199977
airplane,let,smoke,199977
biplane,leave,trail,199977
bathroom,have,seat,105249
utensils,line,sink,102707
kid,jump,hill,102331
kitchen,have,cabinets,519569
that,have,pieces,312278
person,flush,toilet,484415
hand,flush,toilet,484415
station,have,television,560312
that,have,seat,288062
bunch,make,way,338304
kitchen,have,range,177935
hundreds,clog,traffic,254814
people,take,pictures,338304
that,face,television,491497
someone,put,collection,342295
person,dress,it,579321
someone,open,hood,466156
man,ride,skateboard,279278
man,wear,kilt,42102
that,wear,coat,42102
men,do,work,32817
people,cut,cake,144003
man,hold,bunch,389812
bathroom,flush,toilet,328959
that,have,shells,323202
cell,have,toilet,365387
bathroom,have,sinks,186632
bathroom,have,sinks,186632
man,hold,bunch,389812
that,break,wood,267903
pedestrians,cross,street,538364
woman,make,contact,482436
bathroom,have,sink,267903
giraffes,have,log,287545
men,ride,big,38829
man,ride,bike,289343
cop,ride,motorcycle,538364
chefs,prepare,meals,66231
dog,have,nose,498286
that,have,table,415194
person,ride,bike,289343
that,have,bathtub,351362
policeman,lead,way,136715
someone,mount,umbrella,256941
giraffe,peer,heads,566042
people,reach,hands,56350
person,fly,biplane,183500
officer,ride,motorcycle,136715
girl,take,selfie,507473
bathroom,paint,blue,10977
bathroom,take,selfie,507473
woman,brush,teeth,507473
bathroom,have,tiles,10977
shepard,herd,flock,129756
that,say,500,293245
who,hold,whisk,481386
kitchen,have,floor,290768
bathroom,have,sink,569917
that,have,televisions,166521
television,show,movie,187249
man,brush,teeth,164602
statue,hold,orb,484760
people,ride,bikes,169996
people,drive,motorcycles,226417
that,clean,products,34760
that,have,fridge,540502
kitchen,have,pineapples,472046
bathroom,stand,shower,163258
bike,do,tricks,190756
bathroom,show,toilet,163258
people,negotiate,streets,226417
that,have,wall,403385
that,ride,bikes,343561
oerson,raid,fridge,423123
that,have,television,41872
that,have,rice,3845
man,take,selfie,237118
cat,drink,water,47121
kitchen,have,appliances,91615
that,have,stove,91615
man,take,picture,237118
woman,have,knife,458992
man,take,photo,237118
dog,eat,food,267300
bathroom,have,toilet,23666
kitchen,have,cabinetry,91615
boy,ride,carts,492362
beach,have,area,522713
that,have,refrigerator,506310
person,take,picture,9772
bus,lose,wheel,17207
burner,stove,door,98018
person,take,picture,9772
that,have,tags,322429
puppy,pull,line,61471
bathtub,take,wall,289992
that,have,bunch,322429
plane,soar,hundreds,543528
ad,show,kitchen,530836
man,stand,guitar,297353
puppy,pull,paper,61471
group,hold,animals,276018
plane,take,runway,196185
advertisement,show,kitchen,530836
cook,make,something,294350
who,cut,something,294350
that,have,day,268831
giraffes,enjoy,walk,22969
that,have,frame,184791
person,drive,motorcycle,143556
people,ride,motorcycles,143556
that,have,oranges,50896
woman,prepare,bread,17899
group,ride,motorcycles,203389
man,take,picture,384808
table,have,bowl,37777
kitchen,have,appliances,37777
line,ride,bicycles,492077
bathroom,have,army,180792
bathroom,feature,toilet,180792
that,have,bowl,37777
kitchen,have,stove,522007
bathroom,have,sink,237316
bathroom,have,all,237316
mirror,enhance,bathroom,210855
that,have,window,237316
that,have,cookware,491216
building,have,computers,464476
person,show,bowls,489305
chef,display,bowl,489305
woman,hold,child,413552
that,include,variety,489305
rider,take,break,454978
woman,hold,child,413552
photo,show,toilet,27982
cat,sit,inside,501523
that,have,landed,479912
bicycles,park,other,259830
kitchen,have,tools,248111
jet,take,passengers,479912
airplane,stand,motionless,479912
pillars,give,feel,440475
person,fill,jars,523100
that,have,television,180383
restaurant,have,clock,36494
girl,check,phone,144333
woman,ride,bike,144333
person,can,oranges,523100
man,hold,controller,108026
that,have,bowl,485844
person,use,keyboard,108026
man,wear,hat,58539
photo,depict,woman,485844
housewife,hold,platter,485844
bunch,cross,intersection,228942
man,perform,trick,87038
he,perform,trick,87038
athletes,perform,tricks,87038
bathroom,have,walls,394328
man,fall,skateboard,87038
urinals,have,signs,348045
that,have,stairs,464689
woman,place,turkey,485844
bathroom,have,mirror,58029
photographs,show,sign,260657
men,herd,pack,173799
man,ride,motorcycle,461751
that,have,wall,129322
that,have,counters,7574
boy,wear,helmet,210299
man,ride,motorcycle,461751
that,advertise,restaurant,260657
that,pet,cat,176857
woman,ride,bicycle,488592
building,have,tower,361142
group,pass,buildings,296649
they,pet,it,176857
people,ride,motorcycles,296649
photo,depict,courtroom,342367
that,separate,harbor,502347
trees,banana,dirt,466835
woman,take,selfie,394199
people,ride,bikes,178982
pair,drive,highway,178982
area,feature,wall,59920
man,stick,tongue,546976
mirror,have,candles,223789
lot,cause,jam,210273
set,display,game,509260
man,ride,motorcycle,578792
woman,walk,bike,350122
books,shelve,television,509260
cat,have,paws,211042
that,have,mirror,557172
vanity,feature,motif,557172
men,ride,horses,507975
couple,ride,horses,507975
officer,ride,motorcycle,499622
bathroom,have,walls,32285
bathroom,have,sink,138819
people,watch,man,346703
that,have,products,239627
that,put,fire,346703
door,have,panels,266206
picture,show,interior,30213
couple,show,motorcycle,68093
room,have,counters,471991
kitchen,feature,island,30213
pictures,feature,bananas,193926
kitchen,have,island,30213
bathroom,have,shower,446574
bathroom,have,rack,197796
person,ride,dirtbike,145620
person,ride,bike,145620
dog,have,head,520301
giraffes,take,turns,383676
man,wear,gloves,3156
kitchen,have,stove,237928
that,have,pot,237928
it,have,appliances,237928
man,drive,motorcycle,165518
airline,taxi,runway,323709
characters,give,presentation,283785
desk,hold,lunch,248314
man,read,story,283785
man,wear,costume,283785
room,multicolore,floor,550797
toilet,have,lid,550797
who,bike,street,577932
one,ride,bike,577932
wall,mount,urinals,206271
bathroom,have,shower,547816
that,have,soup,523175
that,have,dog,424162
bathroom,have,appliances,397327
bird,eat,bread,123585
party,eat,pizza,438774
dog,pull,woman,424162
woman,dip,food,54654
that,have,toilet,564023
woman,ride,bike,122166
woman,ride,bike,122166
that,bike,road,261888
grey,stripe,cat,157807
man,pick,piece,292456
bus,have,books,200839
motorcycles,park,trees,273551
cat,watch,cars,240940
that,have,bunch,540502
door,reveal,toilet,416745
girls,smoke,cigarettes,479126
that,have,extinguisher,56127
woman,brush,teeth,507473
that,feature,wall,104572
man,hold,object,229358
bowl,contain,tangerines,136772
bathroom,have,sinks,6213
bathroom,have,tub,6213
man,park,motorcycle,551794
people,wear,helmets,192699
someone,park,bicycle,370208
that,have,decor,446574
crosswalk,have,fire,569030
fire,have,hose,569030
it,approach,platform,469246
crew,repair,light,183246
smoke,obscure,mural,148999
that,have,text,25593
bus,drive,street,249219
kids,feed,giraffe,234526
giraffe,hang,neck,459757
man,read,book,264535
giraffes,roam,paddock,581100
giraffe,extend,tongue,235057
herd,cover,piece,230166
boy,hold,leaf,234526
scene,feature,car,558558
train,round,tracks,558421
that,head,tracks,558421
woman,sit,nest,87144
signs,show,intersection,228771
detector,display,speed,283037
cars,buy,sign,283037
people,browse,shops,322610
train,head,tracks,225946
engine,pull,cars,225946
giraffe,eat,leaves,151662
that,read,k.,269682
drives,pass,station,578967
dog,sniff,base,291664
giraffes,eat,branch,420472
zebras,eat,piece,420472
chicken,cover,landscape,104119
sign,show,directions,509258
giraffes,share,branch,420472
train,stretch,track,578967
man,carry,sheep,525155
building,have,signs,509258
signs,point,directions,509258
man,carry,sign,202339
goose,eat,grass,436551
sheep,carry,hill,525155
benches,face,other,327890
swan,have,grasses,436551
buses,have,tower,171298
view,overlook,ocean,94751
yard,have,fence,479099
train,give,illusion,508917
bench,cover,serenity,479099
ducks,follow,mother,166259
giraffe,keep,eye,445365
intersection,have,building,520009
man,have,bottle,284991
man,put,bottle,284991
people,walk,truck,520009
man,drink,water,284991
that,show,graffiti,244019
sign,mark,intersection,146498
image,show,signs,501023
people,leave,station,277005
picture,face,eyes,469652
man,walk,bike,50145
giraffes,make,contact,157098
man,push,bike,50145
one,feed,leaves,180011
man,offer,leaves,180011
men,share,meal,215723
group,feed,giraffes,65455
sign,give,streets,173183
sheep,have,look,547383
giraffes,stick,heads,183104
giraffe,lean,neck,55072
that,have,face,203294
birds,get,drink,490125
that,house,pieces,527616
bus,make,splash,84170
car,pass,it,514376
sign,say,bronx,41488
that,have,light,198928
that,say,drive,189698
that,read,dr,189698
groups,admire,plane,478862
that,say,avenue,499181
train,pull,guard,185472
cat,attack,weeds,222235
group,cross,street,303818
giraffe,point,head,289586
giraffe,stretch,next,289586
sign,say,drive,189698
statue,hold,newspaper,94326
giraffe,raise,head,289586
train,round,corner,429718
giraffes,wander,park,261712
bus,drive,street,226802
giraffe,enjoy,treat,101780
man,kiss,woman,78843
man,kiss,top,78843
man,kiss,girl,78843
man,kiss,woman,78843
girl,take,picture,1268
man,ride,horse,439715
woman,take,photo,1268
hat,ride,horse,439715
statue,read,newspaper,94326
sign,point,way,185157
some,tree,people,563653
train,enter,stop,448410
street,show,buildings,563653
that,let,smoke,423229
train,have,oval,572303
that,read,parking,185157
man,enjoy,afternoon,88951
giraffe,have,horns,216739
that,read,village,369812
that,read,othello,118405
bus,read,bus,196843
sheep,stand,grass,154947
boy,take,picture,449909
giraffes,poke,heads,286849
window,blur,image,458790
bus,make,way,98392
zebra,eat,hay,433243
signal,show,lights,430875
light,show,yellow,319607
noel,have,sign,11122
i,love,tottenham,369812
green,light,bright,430875
fire,have,posts,165713
lights,glow,green,430875
train,read,bnsf,493566
giraffe,suck,bottle,302452
sign,mean,profanity,161128
city,have,buildings,39484
that,go,tracks,440617
kids,pet,sheep,484893
boy,have,hand,484893
photo,check,people,62353
car,have,letters,493566
clock,make,statue,459500
sign,give,face,69138
street,give,directions,369812
that,have,sign,542073
building,have,lamp,542073
people,cross,street,463730
couple,cross,street,463730
statue,have,clock,459500
pedestrians,cross,street,463730
bus,pick,riders,179265
red,enter,sign,447789
a,enter,sign,447789
that,read,sparta,516708
cops,ride,horses,431876
man,feed,birds,374052
woman,take,snooze,308394
giraffes,eat,shrubbery,448448
giraffes,eat,leaves,448448
subway,stop,entrance,532530
giraffes,love,leaves,448448
that,have,stars,580757
giraffes,set,grass,417876
flag,paint,fire,580757
vehicle,cross,intersection,88432
passersby,ignore,sign,502336
child,place,hands,458755
people,cross,street,280710
that,have,number,565563
child,pet,sheep,458755
that,say,peddling,521141
horses,eat,hay,298697
man,use,computer,459153
adult,face,direction,79565
dog,wear,cap,361571
engine,approach,switch,270297
engine,haul,cars,311883
sparrows,sit,table,277051
giraffe,stick,nose,575187
child,drink,bottle,532058
street,have,sign,561679
house,line,road,276720
signs,give,names,58636
trains,pass,other,106281
giraffes,spend,time,528862
sign,have,sign,121153
signs,cast,shadows,528977
building,have,graffiti,528977
giraffe,lower,head,301981
sign,advertise,locations,121153
it,have,advertisement,542856
trucks,pass,building,323571
street,run,direction,283318
people,cross,sign,410712
birds,pick,berries,176847
who,buy,groceries,343496
man,wear,sunglasses,456559
bird,eat,berries,176847
bird,eat,berry,176847
woman,hold,baby,463618
herd,cover,banks,247838
it,travel,tracks,184400
bird,have,beak,357060
that,pass,bridge,184400
snow,cover,fire,42628
giraffe,splay,legs,259382
cars,pass,trees,396568
sherds,move,road,140583
sheep,follow,other,534394
bird,put,beak,418959
train,go,track,396568
guy,pass,bus,389684
man,walk,sidewalk,389684
locomotive,haul,freight,396568
women,debark,bus,507797
that,have,signs,514540
picture,have,bat,279714
lady,wear,hat,358923
woman,hold,cellphone,358923
people,board,bus,255749
that,contain,boats,275791
people,have,conversation,505942
giraffe,eat,leaves,498857
that,say,whoa,414133
couple,ride,horses,434247
that,eat,some,186637
giraffe,eat,leaves,498857
bus,drive,street,147725
cat,wear,hat,475732
sheep,eat,grass,340272
cat,wear,cap,475732
cat,wear,hat,475732
man,sun,himself,49259
that,approach,pickup,206994
that,let,passengers,138979
sign,have,sign,172856
giraffe,make,face,17031
train,make,way,323751
that,paint,colors,338191
giraffe,make,face,17031
hydrants,have,looks,338191
that,have,rainbow,326627
group,crowd,streets,142585
train,make,way,303863
train,ride,tracks,303863
cars,crowd,street,142585
people,cross,street,373353
lens,show,corner,184324
people,cross,street,373353
sign,have,graffiti,522940
sign,have,graffiti,522940
structure,ride,way,379800
that,have,piles,491470
people,cross,crosswalk,373353
that,have,lane,93154
engine,pull,car,379800
that,have,amount,499768
hydrant,have,lot,499768
that,say,roja,269632
flock,cross,field,375763
picture,show,side,240767
that,have,water,273198
train,go,track,130566
train,pull,number,130566
bus,drive,street,497867
that,have,lights,260266
bus,turn,corner,497867
that,have,sign,311909
who,push,bus,353180
bird,sit,branch,402519
bench,overlook,pool,395575
train,drive,tracks,241297
that,hold,frog,475223
that,have,graffiti,530466
bird,eat,frog,475223
bird,clean,itself,460160
train,have,paint,530466
bus,drive,street,133819
sheep,inspect,pile,12062
bus,make,way,133819
man,hold,sign,278749
person,choose,seat,545594
couple,pull,cart,384513
people,board,it,210394
man,hold,sign,278749
cloud,overshadow,houses,356169
donkey,pull,cart,384513
train,move,tracks,108440
sign,have,graffiti,192716
bench,have,grass,271457
man,wear,suit,131444
number,enjoy,themselves,373705
train,pass,bridge,579818
stop,sign,bushes,192716
giraffe,eat,grass,289659
man,hit,balloon,101068
building,shine,windows,109441
man,swinge,bat,101068
train,make,way,364587
player,swinge,bat,101068
that,have,sign,169169
bench,have,hat,310072
train,drive,tracks,90155
hydrant,have,ice,390301
signs,state,directions,516143
goats,get,tie,559956
person,hold,bag,198510
herd,block,road,389566
women,serve,cakes,140640
sign,read,stop,516804
slope,cover,background,474881
elk,have,horns,474881
goats,eat,grass,474881
bird,have,head,309452
girls,pet,goats,8690
children,pet,animals,8690
girls,pet,goats,8690
girls,pet,goat,8690
train,come,tracks,200162
sign,read,bacchanalia,104782
that,indicate,six,575372
men,line,runway,190676
woman,watch,train,253835
trains,sit,idle,482585
signs,proclaim,intersection,88218
giraffes,eat,greens,272364
station,have,building,363072
sign,mark,intersection,278006
building,line,street,6723
hydrant,have,writing,20107
that,have,leash,238039
train,come,tracks,363072
that,have,snow,366178
that,have,sign,193884
lone,stop,sign,193884
that,have,lanes,350023
street,have,cars,512564
pedestrians,pass,light,361103
man,take,picture,17905
row,line,street,369751
that,have,containers,61268
intersection,feature,cars,350023
picture,show,top,419882
train,cross,street,61268
rain,cover,terrain,281179
bird,have,head,561009
station,have,lights,290293
that,read,animals,214200
that,have,graffiti,424975
bench,have,symbol,453584
woman,hold,baby,240049
eatery,have,area,453584
train,ride,tracks,539445
bus,pick,load,377723
train,go,tracks,39670
car,drive,lot,82846
sign,stencil,paint,571008
that,display,meaning,571008
that,have,people,88848
that,have,colors,350607
cat,have,on,286708
cat,wear,hat,286708
cat,wear,hat,89271
which,portray,hydrants,88848
that,say,parking,488710
bus,drive,street,1584
man,hold,dog,236166
train,make,way,364587
group,spectate,cluster,395388
bus,have,part,128051
that,have,signs,556498
people,watch,sheep,288685
bus,drive,road,423519
that,have,picture,98497
signs,give,directions,297681
green,line,roadway,553339
dog,herd,sheep,288685
that,have,signs,553339
giraffes,stand,one,504580
man,hold,bag,73702
that,give,directions,553339
train,enter,station,268000
people,board,bus,52007
people,stand,bags,73702
that,say,city,86483
trees,mark,side,112634
who,ride,horse,492282
that,flash,lights,8762
that,have,sheep,546556
that,fly,sand,126107
oman,move,path,492282
that,have,bananas,227187
group,roam,enclosure,525600
group,ride,horses,492282
people,ride,horses,492282
train,come,tracks,82085
gentleman,wave,flag,82085
woman,steer,boat,396518
that,have,couple,523241
girl,show,bear,315492
pole,have,signs,270386
man,ride,horse,183675
cowboy,ride,horse,183675
couple,feed,sheep,94871
vehicles,show,cars,447342
flock,surround,man,511076
that,read,stops,236845
bus,stop,passengers,138979
people,express,right,100723
children,feed,giraffe,234526
that,have,vehicles,244379
that,warn,goers,101022
that,say,cave,404601
man,have,cats,413395
men,drive,cattle,276024
bright,refurbish,truck,41633
train,come,tracks,231169
woman,walk,dogs,512836
who,use,computer,312213
animal,take,nap,181969
woman,walk,dogs,512836
woman,walk,dogs,512836
man,hold,suitcase,422836
man,carry,suitcase,422836
scene,include,men,190753
men,play,game,190753
girl,take,portrait,16598
woman,take,selfie,16598
elephants,take,drink,389316
who,dye,blue,16598
man,fold,arms,568814
train,cover,tracks,444879
bridge,carry,roadway,14380
woman,hold,umbrella,161032
cows,graze,field,125072
cattle,cross,road,125072
that,serve,dogs,129062
woman,parasol,umbrella,60052
woman,hold,umbrella,60052
that,hold,umbrella,60052
cows,graze,a,224093
cow,have,face,412887
people,carry,umbrellas,477288
man,hold,umbrella,455157
group,carry,umbrellas,477288
boy,dip,hand,20333
guy,pedal,bike,184611
man,ride,horse,79229
people,watch,man,8021
person,move,hay,301061
dogs,take,nap,401991
man,pull,elephant,301061
man,ride,horse,79229
man,drive,taxi,184611
man,catch,frisbee,409198
people,use,rickshaws,184611
street,have,diners,67616
man,feed,elephant,21903
boy,use,keyboard,358525
meter,have,wrap,568147
boy,have,fun,358525
nan,enjoy,day,393115
guy,sit,table,180487
man,have,foot,393115
man,show,tie,460683
engine,have,checkers,350003
women,hold,umbrellas,413689
group,contain,one,268375
man,push,cart,500257
bottom,show,lots,393115
men,push,carts,500257
man,hold,tie,460683
cow,have,map,507667
goers,set,umbrellas,319369
man,wear,tie,460683
dog,sniff,bat,292330
dog,sit,mattress,235399
people,stand,guard,319369
cows,eat,grass,235857
that,have,commandments,460683
that,sniff,bat,292330
dog,smell,bat,292330
elephants,greet,other,263860
man,hold,drink,347254
group,drink,beer,416104
chip,deliver,van,196759
man,hold,drink,347254
three,cow,black,235857
cows,eat,grass,235857
man,wear,tie,163682
elephants,touch,other,263860
elephants,go,nose,263860
cart,fill,train,137727
dog,examine,something,30494
guy,have,hands,476415
train,belch,smoke,488664
man,play,frisbee,521259
dog,look,window,407083
tie,say,fish,476415
that,have,papers,153568
woman,hold,umbrella,496854
woman,hold,umbrella,496854
truck,load,train,137727
man,play,frisbee,521259
that,come,river,378139
kitten,paw,image,411665
who,catch,frizzebe,200961
we,see,picture,78565
man,throw,frisbee,521259
engine,emit,smoke,488664
cat,place,paw,411665
that,have,tables,153011
people,get,meal,153011
teddy,bear,cake,377368
man,walk,street,520832
herd,cross,river,245915
kitten,poke,paw,411665
person,brush,teeth,309484
woman,tow,luggage,12280
cat,have,intention,425390
men,hold,awards,453166
man,ride,elephant,415748
person,hold,umbrella,493772
that,read,tie,64495
person,brush,teeth,309484
woman,read,book,172617
group,cross,river,119641
man,ride,bike,107226
woman,have,suitcase,172617
woman,throw,frisbee,442746
people,have,fun,132796
train,drive,tracks,286507
table,have,suitcases,115245
deck,have,plenty,233033
surfer,launch,dog,462728
train,approach,signal,201148
train,drive,tracks,201148
man,hold,frisbee,88485
lady,ride,back,110784
all,hold,umbrellas,212800
group,help,elephants,465180
dog,ride,wave,462728
woman,pat,elephant,183648
man,hold,handsaw,289229
people,hold,riding,212800
they,tow,car,162366
doctor,hold,saw,289229
boy,throw,frisbee,88485
elephant,enjoy,drink,53624
truck,transport,truck,467848
cat,stare,eyed,524280
people,pet,elephant,183648
photo,show,someone,365208
cow,get,milk,526706
woman,hold,umbrella,181421
people,train,them,48504
elephant,give,bath,210708
cat,wear,tie,131938
wharehouse,accomodate,array,573943
elephant,chase,dog,237864
man,wear,suit,18770
man,wear,jacket,18770
vehicle,display,plate,140203
man,wear,suit,18770
that,read,milk,140203
elephants,cross,tusks,108864
elephants,wrap,trunks,108864
elephants,eat,leaves,97230
men,wear,hardhats,502168
that,read,georgetown,347163
elephants,face,other,97230
man,wear,tie,21604
stop,sign,sign,283038
man,fix,tie,21604
truck,display,car,426372
that,display,picture,131131
photo,have,city,34071
that,have,lights,21604
cat,watch,picture,115885
president,walk,building,170955
men,ride,elephants,320743
girl,put,flower,11051
boys,ride,elephants,320743
i,see,them,126216
woman,eat,pizza,515025
girl,pin,bouttoniere,11051
cat,wear,hat,545826
red,ride,tracks,479030
one,find,residents,430073
person,hold,bottle,535094
cow,get,milk,526706
umbrella,block,sun,292155
woman,hold,animal,519688
both,hold,umbrellas,230993
that,block,sun,292155
people,do,tricks,161978
man,have,frisbee,343803
collage,show,sets,161978
man,throw,frisbee,343803
photo,show,truck,219271
truck,pull,crate,219271
man,lead,cow,399764
stickers,decorate,briefcase,312421
people,ride,elephants,267191
who,sport,ribbon,399764
all,poke,heads,137576
boat,make,waves,160772
cat,lay,papers,112798
cat,observe,dishwasher,407960
man,shake,hands,4134
men,shake,hands,4134
meters,line,street,230450
man,show,muscles,60932
cat,lick,doughnut,572388
cat,use,laptop,51008
one,hold,luggage,11699
men,shake,hands,4134
woman,hold,purse,250137
that,use,trunk,259625
woman,hold,umbrella,250137
man,walk,path,210388
that,sniff,something,189806
obama,deliver,speech,344268
man,hold,umbrella,360960
person,hold,umbrella,360960
dog,wear,harness,392818
that,contain,equipment,200667
puppy,wear,apparatus,392818
sun,hit,corner,258793
truck,plow,snow,9769
pick,drive,road,9769
i,love,way,258793
person,bear,bottle,390826
person,lift,leg,112110
man,play,frisbee,509403
trucks,drive,street,220732
man,throw,ball,509403
man,play,catch,509403
cow,feed,popsicle,535094
he,have,horns,118594
couple,make,way,201025
cattle,have,pattern,518213
man,cross,street,393226
joke,stop,sign,565153
road,stop,signs,565153
photo,show,men,297022
meter,have,sign,53994
that,have,sign,53994
someone,vandalize,one,565153
person,tie,tie,450075
woman,have,smoke,114884
that,tie,tie,450075
woman,smoke,cigarette,19924
that,smoke,something,19924
woman,smoke,cigarette,19924
photo,show,boat,188689
man,possess,face,271997
that,paint,markings,369037
person,pet,elephant,369037
hand,touch,trunk,369037
that,have,exterior,416170
cat,perch,itself,416170
people,take,cover,177861
herd,walk,street,580418
meter,have,fifteen,430871
cat,watch,clouds,198641
man,wear,tie,244496
that,have,piercings,85329
man,ware,tie,244496
that,have,robot,244496
dog,rest,head,532575
brides,get,standing,476514
person,hold,stick,508101
that,have,bird,492992
train,have,stripe,352491
boy,pull,luguage,350019
bear,hold,bear,453981
boy,pull,suitcase,350019
bears,bite,other,453981
cows,have,horns,119038
men,sell,ties,397303
that,catch,interest,533536
that,have,something,533536
girl,hold,umbrella,7088
woman,pet,cat,492284
that,tell,visitors,526103
vendors,show,selection,397303
girl,have,time,453001
woman,play,frisbee,328238
cat,take,nap,478393
crowd,watch,group,279927
whom,expect,someone,279927
boy,hold,umbrella,281754
cat,curl,paws,264441
tourists,take,photos,414795
truck,pass,intersection,519039
cows,eat,grass,459396
man,have,shirt,67534
man,take,selfie,67534
man,ride,elephant,440171
man,ride,elephants,440171
animal,wear,rope,222863
woman,hold,umbrella,339823
one,hold,frisbee,149568
man,have,flower,491867
elephant,carry,plants,330790
card,show,ship,148730
graffiti,decorate,wall,280325
that,have,writing,280325
woman,hold,umbrella,339823
man,throw,head,6894
elephant,eat,food,330790
that,have,shirt,471087
elephant,hold,leaves,330790
that,hold,umbrella,250127
that,have,tie,491867
bear,have,nose,285
couple,walk,sidewalk,549930
cat,sniff,keyboard,245576
man,wear,tie,206025
boats,do,job,144932
tugboat,pull,boat,144932
man,hold,umbrella,47585
boat,make,way,144932
woman,show,tatttoos,337055
man,hold,umbrella,47585
men,walk,ox,455219
that,drag,metal,455219
bear,poke,head,85478
man,use,cows,455219
man,have,woman,166768
that,put,trunk,356125
man,hold,heads,287527
man,spray,elephant,486112
man,spray,elephant,486112
man,spray,elephant,486112
who,hose,elephant,486112
man,operate,laptop,76547
a,make,bed,217219
person,leave,footprints,248284
one,hold,umbrella,346232
trees,hide,bear,461036
children,play,game,61418
man,grab,tie,100428
children,play,game,61418
statue,tear,door,341094
that,pull,ties,100428
who,place,luggage,361551
tourist,unfold,umbrella,510329
boats,travel,thames,511321
bears,rip,cars,341094
lady,explain,process,114907
men,pull,umbrella,510329
people,put,suitcases,308328
woman,give,explanation,114907
person,hold,treat,570664
people,offload,baggage,308328
woman,hold,umbrella,81594
group,load,luggage,308328
that,feed,cat,570664
dog,hold,toy,206831
people,hold,umbrellas,253742
pair,kick,ball,566282
train,travel,tracks,287874
woman,take,photos,258911
truck,haul,trailers,205647
woman,hold,umbrella,401446
men,kick,ball,566282
couple,play,ball,566282
men,kick,ball,566282
woman,have,handbag,401446
dog,wear,tie,505573
meter,have,graffiti,51961
that,have,graffiti,51961
cat,drink,something,166277
female,hold,umbrella,401446
man,walk,dog,338624
man,walk,dog,338624
man,walk,dog,338624
male,have,drink,21167
man,walk,dog,338624
woman,carry,packages,417249
that,have,elephant,105923
man,load,suitcases,9891
who,lift,piece,9891
group,take,suitcases,9891
man,unload,luggage,9891
mannequins,display,clothing,423944
elephant,feed,bottle,267169
bear,shake,fur,203546
girl,have,umbrella,408120
man,feed,elephant,267169
girl,hold,umbrella,408120
bear,shake,water,203546
hand,pet,cat,375278
view,show,cubicles,310862
one,reach,head,244411
what,attract,birds,60823
fields,have,cow,244411
group,paddle,canoe,186873
woman,walk,dog,295478
woman,walk,dog,295478
that,have,umbrellas,503855
person,have,bag,375278
man,pet,cat,375278
elephant,lead,elephant,405972
that,press,heads,24919
that,have,glasses,8532
cows,eat,hay,61171
cows,eat,hay,61171
that,have,suit,167067
man,do,trick,370813
woman,watch,elephant,103723
woman,ride,bike,549390
guy,play,guitar,411953
man,play,guitar,411953
that,have,ties,406417
man,play,guitar,411953
woman,ride,bicycle,549390
woman,ride,bike,549390
girl,hold,umbrella,9448
elephant,make,way,166664
men,cross,street,25393
car,pass,elephant,166664
guys,cross,street,25393
boys,create,moves,406417
who,hold,umbrella,9448
that,wear,collar,253386
dog,wear,collar,253386
obama,give,speech,344268
cat,lick,holes,572388
who,hold,umbrella,442306
it,sniff,floor,189806
men,shake,hands,4134
that,ride,horses,276024
teenager,do,wheelie,7977
man,play,frisbee,119088
boy,watch,boy,93717
boy,do,trick,7977
dog,take,nap,170278
woman,sit,ontop,275392
dogs,read,book,262938
fribee,fly,way,391290
boy,do,trick,450559
pitcher,palm,ball,130579
man,ski,mountain,99242
man,ski,slope,99242
pitches,take,mound,130579
woman,walk,horse,54931
woman,lead,horse,54931
woman,lead,horse,54931
skater,attempt,grind,426203
mob,ski,side,376112
skiers,shake,hands,33104
hand,hold,banana,190853
people,shake,hands,33104
skateboarder,do,tricks,365521
zebras,stand,side,11760
player,field,baseball,197658
toy,lie,face,261116
men,play,baseball,574823
skiers,race,other,197388
skiers,climb,snow,176901
zebras,eat,grass,290833
men,ski,cliff,197388
man,do,trick,438907
person,do,jump,438907
skateboarder,attempt,trick,438907
dog,watch,something,236592
market,have,table,293794
skier,clear,jump,312720
man,sell,carrots,397351
man,do,trick,171382
skateboarder,grind,railing,84492
boarder,grind,rail,84492
man,do,tricks,171382
woman,play,frisbee,364102
people,ride,horses,134856
woman,throw,frisbee,364102
group,drink,water,509735
woman,throw,disc,364102
man,perform,trick,84492
bowl,have,apples,551660
people,ride,horses,134856
men,play,sports,130699
platters,display,choices,15254
people,play,game,130699
pitcher,throw,baseball,552842
man,do,tricks,128654
vase,have,horses,348488
dog,open,mouth,255664
boy,catch,ball,18491
boy,stop,him,18491
man,make,way,96825
that,have,lot,194746
group,eat,hay,51309
baskets,display,carrots,34257
chalkboard,fill,background,17182
collage,display,deserts,435081
girl,ride,pony,396863
they,play,game,533493
horse,have,mane,348243
bear,extend,tongue,417465
bikinis,ride,horses,242724
boy,ski,hill,289417
child,do,trick,451084
pears,have,spots,128598
meal,have,brocolli,299355
horse,pull,carriage,47571
that,do,trick,451084
person,ski,slope,94614
skateboarder,grind,board,373315
group,play,frisbee,521819
women,ride,horses,242724
man,take,ride,227898
skateboarder,do,trick,563648
he,hold,orange,138115
man,have,bat,398028
bowls,have,salad,132116
that,do,trick,401250
man,purse,lips,138115
skateboarder,do,trick,563648
equestrians,ride,horses,214753
skier,perform,flip,401250
women,ride,horses,242724
people,ride,horses,214753
one,eat,grass,93965
skateboarder,do,trick,13546
person,ride,horse,576052
group,ski,side,361919
they,ride,horses,7281
dog,watch,plants,22892
men,ride,horses,7281
people,ride,horses,214753
stall,sell,tomatoes,378873
man,hold,fruit,461009
riders,guide,horses,214753
boarder,do,trick,13201
farmer,use,plow,132408
each,hold,frisbee,100238
man,grind,ramp,13201
men,fasten,skis,157928
boarder,do,stunts,336209
that,do,trick,336209
person,ski,slope,5529
woman,hold,horse,319721
horses,guide,them,132408
skateboarder,ride,cityscape,361506
horses,pull,plow,132408
skateboarder,do,stunt,361506
dog,have,frisbee,221693
person,ski,hill,5529
doberman,carry,frisbee,221693
pallet,hold,display,298994
person,ski,hill,5529
person,do,tricks,161799
person,jump,horse,40036
people,play,game,319184
plate,have,sandwich,434297
people,cross,country,515577
person,jump,horse,40036
person,make,jump,40036
people,ride,horses,456015
players,play,frisbee,319184
antilope,eat,grass,516316
person,do,twist,2473
skier,do,trick,2473
people,ride,horses,456015
group,cross,line,141671
man,pack,skies,157928
girl,stand,foot,358195
sun,silhouette,turning,292415
man,use,horses,476215
man,do,trick,572620
guy,ride,board,292415
that,include,lentils,452784
man,do,trick,288862
zebras,eat,grass,516316
woman,ride,ride,213547
woman,ski,path,118921
skateboarder,do,trick,572620
man,use,horses,476215
woman,wear,jacket,118921
man,ski,turn,473121
men,pack,equipment,157928
woman,hold,cake,213547
couple,cast,shadow,567740
zebra,eat,grass,445439
person,ride,skateboard,149375
people,ride,horses,439180
group,ride,horses,439180
man,guide,pony,50380
group,surround,display,581781
rider,ride,horse,191614
skateboarder,perform,tick,149375
skateboarder,do,trick,149375
that,have,bananas,581781
person,do,jump,149375
apples,snap,peas,113589
skiier,jump,mogul,164885
plate,slice,zucchinis,138954
man,take,ride,50380
he,perform,jump,378673
person,ride,horse,191614
board,chop,vegetables,116206
men,ride,horses,303499
boy,ride,horse,308545
skateboarder,do,trick,378673
men,ride,horses,547886
person,perform,jump,402118
snowboarder,do,jump,402118
person,cross,skis,30504
group,ride,horses,547886
man,do,tricks,295138
jockeys,ride,horses,481480
people,cross,country,465836
boy,ride,horse,308545
men,ski,snow,465836
person,ski,hill,544444
male,prepare,frisbee,328337
man,enjoy,day,544444
people,cross,country,414170
bunch,include,tangerines,60855
woman,have,scarf,313562
person,ride,skateboard,476258
who,clean,himself,1818
zebra,suckle,milk,1818
group,eat,hay,116589
batter,miss,baseball,119445
bear,raise,lies,92839
kid,ride,street,442463
tree,die,leaves,44260
bear,have,chin,92839
boy,hold,peel,437205
bears,open,mouths,560266
bears,play,fight,560266
who,eat,banana,437205
person,wear,skis,83540
player,swing,bat,119445
skateboarder,do,trick,443844
chair,have,statue,269932
person,do,tricks,172935
man,ride,skateboard,324158
man,do,trick,443844
group,cross,stream,545730
zebras,cross,stream,545730
man,ride,horse,199236
person,cross,country,220764
person,ride,horse,199236
area,inlude,zebra,16010
man,swing,bat,43816
player,hit,baseball,43816
some,cut,oranges,231527
man,slide,handrail,161879
skateboarder,do,trick,161879
batter,take,swing,43816
grazes,notice,photographer,60770
skier,take,break,227491
kale,get,rays,396274
woman,train,horse,15956
who,use,snowboard,95155
guy,ride,board,157365
that,include,carrots,157390
horses,line,some,185473
men,drive,horses,185473
dog,stick,head,263463
he,teach,boy,87476
man,do,trick,31093
which,include,pieces,579091
that,hold,remotes,564280
that,include,raspberries,516871
people,need,line,330396
man,play,baseball,434548
combination,showcase,types,417285
group,throw,frisbie,82986
zebras,lose,parents,545129
that,include,bananas,560256
group,play,ball,84031
that,include,chicken,34205
group,ride,horses,80659
horses,race,other,48555
people,race,horses,48555
person,do,trick,377635
plate,have,potatoes,106266
that,include,bananas,535253
plate,include,meat,127494
man,make,cut,398438
person,do,trick,439854
they,play,game,163118
woman,ride,skateboard,500270
that,cut,cake,398438
guy,jump,steps,68628
plate,have,pasta,559707
man,preform,trick,9378
people,stick,knives,447611
boy,ride,skateboard,404249
man,do,trick,9378
woman,ski,slope,161781
banana,slice,butter,521540
plate,have,banana,521540
man,spin,frisbee,9378
man,hold,frisbee,102805
zebra,chew,flower,172977
meal,feature,steak,104669
zebras,battle,other,562121
zebra,have,fight,562121
pitcher,throw,pitch,153797
man,eat,food,400794
person,do,trick,65350
child,blow,candles,405249
that,have,wheel,476258
person,ski,slope,378244
man,jump,ramp,349860
people,ride,horses,382111
player,have,hand,257478
zebra,rest,head,454750
woman,hold,bagel,38678
add,cook,vegetables,447522
skier,ski,slope,378244
woman,show,bagel,38678
plate,have,waffle,128658
dish,contain,carrots,447522
player,hold,glove,253695
horse,pull,something,463522
woman,show,bagel,38678
child,hold,frisbee,481413
person,do,trick,576566
one,throw,frisbee,283520
boarder,hang,time,581357
that,have,broccoli,356498
teenager,do,stunts,581357
child,throw,frisbee,261036
hand,hold,carrot,113235
man,do,trick,431848
man,ski,hill,38118
that,feed,carrot,113235
man,squeeze,juice,366711
shirtless,go,ramp,15597
which,have,something,79014
shirtless,do,trick,15597
that,snowboard,hill,184978
men,wear,shirts,243989
that,have,skateboard,128699
slab,hold,fruit,189078
that,have,wheels,300842
that,have,food,460494
man,lace,boots,516677
snowboarder,go,slope,184978
man,jump,board,128699
player,throw,ball,451879
pitch,approach,batter,239773
dish,include,sprigs,188906
sandwich,have,cilantro,118367
bowl,have,broccoli,141328
man,throw,frisbee,325991
man,play,catch,428218
player,swing,bat,188465
game,take,place,188465
man,throw,frisbee,223955
figures,put,skateboards,544052
woman,ski,slope,785
person,make,way,785
jeter,swing,bat,501005
skateboarder,flip,board,169356
player,hit,ball,192670
he,hit,ball,153669
game,throw,ball,439994
dogs,chase,other,125405
man,perform,trick,169356
person,ride,skateboard,476119
boys,hit,baseball,192670
that,swing,bat,501005
man,find,frisbee,102805
who,throw,ball,153797
pitcher,throw,ball,153797
men,play,game,205324
people,climb,mountain,424551
group,chase,frisbee,205324
people,climb,side,424551
man,direct,them,560880
rider,ride,horse,441442
person,go,mountain,424551
man,ride,horse,441442
person,ride,horse,441442
girl,ride,horse,441442
that,have,broccoli,15278
person,eat,chilli,558854
boy,ride,skateboard,172649
horse,pull,carriage,427655
guy,wear,pants,172649
that,have,people,427655
skier,make,jump,196442
kid,ride,board,172649
skiers,enjoy,run,86755
men,ride,skateboards,150649
two,hold,frisbee,6954
this,show,view,546823
boys,hold,frisbees,6954
people,hike,mountain,54592
zebras,eat,hay,68933
pot,chop,vegetables,393838
guy,play,baseball,501005
waffle,have,slices,479448
someone,hold,fork,174123
skillet,contain,meat,29640
males,play,frisbee,468632
people,ride,horses,23034
some,cut,vegetables,7991
man,descend,mountain,464144
that,have,pile,7991
man,ski,mountain,464144
woman,ski,hill,493442
skier,descend,slope,496409
guys,play,golf,424642
group,pet,horse,481582
guys,play,game,424642
skier,slalom,hill,496409
that,take,picture,350148
boy,perform,tricks,448365
group,play,game,153229
that,have,kinds,203095
man,take,picture,350148
that,jump,skateboard,448365
person,ride,horse,140270
men,play,frisbee,153229
woman,ride,horse,140270
group,play,frisbee,269316
jockey,ride,horse,140270
woman,ride,horse,140270
plate,hold,salad,248980
people,play,game,153229
man,practice,moves,306437
man,perform,tricks,192964
man,ride,skateboard,192964
skateboarder,do,trick,192964
who,remove,mask,569825
who,throw,baseball,282037
players,have,practice,282037
man,catch,baseball,515982
man,do,tricks,535306
man,prepare,food,330818
family,play,frisbee,334719
person,ride,horse,244099
man,swinge,bat,129945
dishes,have,kinds,194940
children,fly,kite,334719
player,swing,bat,129945
who,hold,glass,425361
woman,wear,black,439522
woman,ski,hill,314709
it,cross,plate,464089
bowls,have,peppers,194940
guy,have,fun,314709
that,have,wine,425361
man,wear,light,107094
giraffe,share,area,163290
man,perform,trip,121591
giraffe,eat,limb,163290
man,ski,slope,51712
people,ski,slope,516601
man,use,phone,199055
plant,have,leaves,410934
someone,eat,it,560178
hand,hold,radish,560178
someone,hold,veggie,560178
person,have,knife,81738
it,wear,collar,364636
players,have,fun,537827
that,make,catch,235241
dog,have,eyes,364636
meal,have,rice,3501
person,ski,slope,329827
couple,pull,contraption,317433
bananas,make,sight,6012
batter,tap,bat,72795
that,ski,slope,528314
men,sell,amount,90891
woman,purchase,food,304180
man,film,another,396200
man,perform,trick,528314
woman,hold,her,304180
person,ski,mountain,528314
tree,have,bunch,439290
man,get,air,378454
men,ride,horses,121031
plate,hold,portion,407524
men,ride,horses,121031
riders,cross,river,121031
person,ride,skateboard,146831
skateboarded,go,jump,146831
men,ride,horses,121031
plant,have,bloom,78959
woman,play,frisbee,239857
orange,join,orange,283070
tray,include,items,236721
skiers,ski,slope,274708
dogs,play,frisbee,90003
child,wear,helmet,562229
someone,cook,fry,308430
someone,cook,vegetarian,308430
skateboarder,attempt,air,419408
skateboarders,do,trick,419408
boy,jump,skateboard,308165
person,jump,gate,553990
that,have,slice,463283
woman,ride,horse,553990
pitcher,hold,arm,345466
that,ride,horse,454798
player,throw,pitch,345466
person,ride,horse,454798
boy,ride,horse,454798
player,throw,pitch,345466
man,perform,tricks,428111
man,do,tricks,125472
zebra,groom,self,325306
man,exit,building,572900
man,throw,frisbee,568213
which,show,reflection,491613
man,toss,frisbee,572900
man,throw,frisbee,572900
woman,make,face,353051
who,wear,glove,162415
that,have,bananas,312406
skater,do,tricks,26690
lady,pass,watermelon,331799
girl,hold,mit,162415
that,hand,fruit,331799
woman,hand,slices,331799
group,leave,trail,3255
woman,hand,package,331799
skiers,do,flip,542127
horse,eat,grass,226883
man,hold,bat,485480
placemat,have,cilantro,251537
person,do,flip,261982
person,do,trick,261982
people,load,horse,97924
people,perform,flips,542127
that,have,zebra,110211
zebras,share,grassland,110211
jump,hon,skis,352760
mules,ascend,stairway,241677
meal,have,side,191580
person,hold,apples,537506
man,serve,apple,537506
person,hold,plate,537506
one,hold,apples,537506
group,walk,steps,241677
that,hold,lime,347370
man,perform,trick,22479
man,perform,jump,22479
man,ride,horse,574297
whose,pet,horse,12748
jockey,ride,horse,574297
that,have,peel,347370
group,hold,frisbees,13291
skateboarder,hold,bottom,22479
bunch,walk,stairs,241677
people,cross,country,309467
that,ride,horse,574297
teams,play,baseball,123213
hand,hold,piece,347370
man,hold,frisbees,34452
horse,chew,ferns,380203
rider,take,horse,576955
they,ski,it,309467
man,guide,horse,576955
that,have,fruit,303566
that,have,types,470121
market,have,variety,303566
man,throw,baseball,430961
dog,get,frisbee,369541
child,eat,apple,188592
team,wear,shirts,247917
that,have,boxes,303566
skateboarder,perform,trick,327306
which,show,people,377486
who,perform,trick,132703
dog,hang,head,151962
dog,catch,frisbee,17029
dog,catch,frisbee,17029
that,take,picture,568981
that,have,food,70048
that,have,skiies,80671
ladies,ride,horses,303653
guy,do,tricks,327306
man,wlak,field,235784
man,cast,shadow,327306
boy,ride,skateboard,327306
guy,take,picture,421455
person,hold,phone,421455
that,have,bunch,301563
woman,hold,phone,421455
littleboy,perform,trick,291551
man,ski,slopes,301563
person,jump,horse,242678
tray,have,sandwich,70048
skier,perform,jump,342397
skier,perform,jump,421060
woman,carry,box,453708
that,have,carrot,276055
man,poke,head,568981
man,slide,slope,342397
woman,hold,carrot,276055
man,throw,frisbee,25057
that,include,soup,296634
teenager,shoot,flames,258388
man,ride,skateboard,258388
that,have,burger,18575
that,have,food,549167
who,perform,tricks,111207
snapshots,do,stunts,111207
bowl,have,meat,296634
man,pet,horse,506656
market,have,items,376307
man,ignite,spray,258388
that,face,directions,504439
jockeys,race,horses,360661
man,practice,tricks,258388
zebras,go,directions,504439
people,ride,horses,360661
that,pull,carriage,229948
group,take,break,516677
that,ski,hill,38118
that,have,neck,377497
another,throw,ball,451879
man,make,jump,128699
couple,ride,horses,242724
plate,hold,broccoli,460494
man,attempt,trick,190841
man,attempt,trick,190841
skier,do,trick,43314
men,play,game,127263
player,hold,bat,6471
bowl,hold,soup,123321
bowl,contain,amount,123321
men,push,horse,97924
man,play,tennis,238013
machine,make,donuts,245311
man,change,bulb,117719
lifeguard,help,boarder,128675
that,contain,lot,117719
who,make,shot,386352
group,play,game,467176
friends,play,game,467176
scene,have,photos,124659
court,have,people,326248
basement,have,people,124659
man,blow,candles,206579
hand,slice,pizza,385029
man,swinge,tennis,85772
man,cut,pizza,385029
crust,cut,pizza,172571
man,blow,candles,206579
men,skate,road,278705
table,have,pizza,47112
surfers,ride,wave,375469
surfers,ride,wave,375469
racket,have,ball,179285
surfer,ride,wave,532493
people,prepare,kind,161925
surfer,carry,board,425702
photographers,take,pictures,121744
woman,prepare,pizza,287347
hand,pull,slice,353027
girl,take,portrait,521509
batter,hit,pitch,132544
man,surf,wave,417911
photographers,snap,photos,121744
person,cut,pizza,161925
group,take,lessons,326174
girl,set,camera,521509
group,carry,boards,326174
toddler,stick,tongue,420840
surfer,ride,wave,63154
surfer,catch,wave,63154
teens,play,games,91500
which,include,onions,9914
woman,celebrate,play,39480
girl,use,brush,92091
woman,hold,baby,84674
girls,play,soccer,22935
girl,hold,baby,84674
boys,kick,ball,225405
boys,play,game,225405
man,play,tennis,373382
plate,contain,sandwich,227985
woman,play,tennis,327701
sandwich,dominate,plate,533206
men,shake,hands,429761
woman,serve,ball,327701
players,shake,hands,429761
players,face,other,429761
man,ride,wave,4765
woman,hit,ball,327701
man,hold,slice,382125
nightstand,hold,class,384651
man,hold,racket,133418
that,have,lamp,384651
men,shake,hands,429761
person,parachute,surfing,449603
cake,await,guests,277689
women,take,bite,441491
surfer,killin,it,449603
boy,play,soccer,135604
skateboarder,do,trick,473118
surfer,catch,waves,262587
skateboarder,turn,board,473118
person,pick,piece,554735
man,balance,himself,473118
someone,hug,him,570471
women,take,bite,441491
people,enjoy,day,540932
bedding,create,environment,68286
player,hit,ball,78915
girls,share,bite,441491
lady,take,shot,78915
player,swing,racket,31217
that,eat,food,480936
cake,have,frosting,92177
cake,feature,island,92177
surfer,ride,board,561223
woman,eat,food,480936
man,dodge,waves,561223
people,hold,skis,561958
one,hold,racket,44877
man,hold,toothbrush,55528
people,attend,event,561958
table,have,dog,400082
boy,ride,wave,79031
girl,play,tennis,44877
man,hold,racket,351823
people,carry,snowboards,561958
man,eat,dog,148662
that,eat,food,148662
cake,have,flowers,495448
man,take,picture,146358
surfer,carry,board,516173
spectators,watch,competition,364884
man,hold,dog,148662
match,take,place,402615
people,cross,road,329456
girls,have,fun,447917
fork,surround,plate,320664
girl,take,bite,473237
man,surf,wave,82715
children,play,soccer,447917
surfer,ride,wave,51314
woman,ride,dolphin,190307
he,play,tennis,325347
person,eat,pastry,426795
player,make,shuffle,325347
man,take,picture,62808
woman,ride,nose,190307
men,play,soccer,457559
baby,have,hand,497344
man,photograph,pizza,62808
woman,walk,water,516173
player,serve,ball,485027
person,watch,television,509699
he,type,something,497344
monitor,display,screen,353096
surfer,ride,board,334530
player,strike,ball,409211
hald,eat,corn,451571
couple,hold,member,398742
men,hold,man,398742
girls,hold,donuts,459662
workstation,feature,monitors,225757
male,wear,tennis,406129
mates,lift,one,398742
child,brush,teeth,544519
child,hold,dogs,179898
person,hold,dog,283268
man,reach,racket,406129
guy,throw,ball,485027
kid,hold,dogs,179898
one,hold,cake,180560
child,hold,toothbrush,544519
desk,have,monitors,225757
boy,hold,couple,179898
girl,brush,teeth,544519
parent,serve,dog,283268
snowboarder,grab,board,400044
snowboarder,finish,run,492968
man,wake,boarding,232692
girl,have,plate,140987
man,throw,balls,187055
teams,lift,players,142238
girl,hold,racket,187055
girls,look,the,459662
children,play,game,556000
plate,contain,items,530146
girls,hold,doughnuts,459662
player,hold,racket,80022
player,return,ball,80022
a,make,space,571313
children,hold,doughnuts,459662
some,drink,plates,513041
table,have,plate,530146
group,hold,people,142238
table,have,cup,344100
person,ride,hill,80273
plate,have,pizza,194724
peeson,eat,pizza,513041
lady,make,gestures,180560
team,celebrate,players,142238
half,eat,sandwich,344100
man,surf,wave,381360
children,ride,surfboards,274066
child,brush,teeth,544519
donuts,fill,table,349152
surfer,steady,move,381360
that,wipe,eye,257865
boarder,take,wave,381360
boy,hold,racquet,200421
man,hold,plate,45550
woman,show,delight,327592
room,have,chairs,36844
who,brush,teeth,544519
instructor,teach,girl,274066
man,snowboard,hill,80273
men,play,wii,495732
woman,ride,hill,109992
man,show,sandwiches,45550
man,carry,surfboard,493864
boy,ride,board,109992
woman,play,tennis,166165
boy,play,games,369310
picks,rub,eye,257865
cake,have,pond,493334
women,play,game,166165
man,take,picture,529762
woman,surfs,wave,356505
child,hold,racket,200421
man,take,picture,529762
table,have,cupcakes,318455
woman,ride,waves,356505
child,play,game,369310
man,play,tennis,257865
hand,hold,bitten,439426
man,play,soccer,365095
person,hold,doughnut,439426
area,feature,mirror,231549
salad,make,lunch,189752
player,take,swing,551804
that,include,pizza,189752
cake,display,words,493334
woman,play,tennis,551804
person,hold,doughnut,326462
man,swing,racket,151629
woman,slice,cake,568195
one,cut,cake,568195
couple,enjoy,pizza,113720
person,hold,doughnut,326462
woman,eat,donuts,341973
man,hold,pizza,491008
that,return,serve,229849
young,enjoy,cake,321214
woman,eat,piece,162092
man,take,swing,151629
man,ride,skateboard,581062
guy,ride,skateboard,581062
woman,cut,cake,568195
computer,sit,setup,569059
waitress,hold,pizza,491008
man,hold,pizza,491008
toddler,eat,cake,321214
utilizing,cement,structure,581062
guy,take,aim,151629
large,make,bed,213422
bedroom,have,wall,39956
who,ride,wave,320696
bed,have,pillows,213422
desk,have,computer,569059
man,swinge,racket,493905
woman,brush,teeth,500565
woman,hold,baby,500565
which,have,missing,341973
man,play,tennis,410496
boys,play,indoors,96427
boys,play,tennis,96427
donuts,fill,plate,478136
that,contain,sandwiches,120777
children,play,game,96427
room,have,bed,632
men,get,food,163640
which,hold,bread,163640
game,have,device,379842
each,hold,something,571598
that,have,frame,497628
that,have,frame,497628
pizza,have,olives,430973
woman,hold,dog,137246
man,brush,teeth,218439
people,eat,pizza,292446
kids,ride,surfboards,64898
guy,flip,skateboard,185950
boy,perform,stunt,185950
they,slice,cake,439525
wood,panel,walls,120584
that,include,pickles,499109
woman,hold,slice,63965
mean,play,tennis,203864
people,play,game,203864
herb,top,pizza,499313
room,make,beds,7795
advertisement,depict,male,438304
boys,play,volleyball,49759
adidas,feature,players,438304
man,hit,ball,162581
girl,glide,hill,343937
adidas,show,players,438304
person,hold,tomato,309678
man,swinge,racket,162581
surfer,ride,wave,39785
lunchbox,have,sandwich,251119
person,do,trick,230983
woman,hold,racket,266892
woman,hide,face,324614
woman,brush,teeth,324614
teeth,hold,hand,324614
woman,play,game,266892
man,do,trick,230983
couple,have,sandwiches,234779
man,ride,surfboard,270122
player,grip,racquet,554156
people,play,tennis,551820
room,show,collection,453341
someone,hold,plate,294831
plare,take,swing,551820
that,sell,fruit,125936
man,ride,wave,485071
man,ride,surfboard,364126
that,sell,bananas,125936
woman,play,game,261535
man,watch,waves,187362
man,ride,surfboard,364126
boards,adorn,windows,74200
surfboards,line,windows,74200
woman,play,game,65736
who,hold,racket,261535
players,have,confrontation,162732
bride,cut,cake,482275
player,hit,ball,65736
he,catch,wave,515350
player,lift,skirt,261535
woman,hit,ball,65736
surfer,take,spill,220584
surfer,lose,balance,220584
woman,play,game,551215
male,surfer,skills,437331
bear,watch,player,463802
person,ride,wave,437331
man,ride,wave,437331
one,have,sprinkles,109798
guests,mess,room,329080
player,show,excitement,361147
females,hold,donuts,341973
who,brush,teeth,500565
player,hold,racket,223959
person,ride,surfboard,390246
child,brush,teeth,500565
surfer,ride,end,320696
man,hold,surfboards,5193
teams,kick,ball,438862
man,hold,surfboards,5193
man,make,splash,191672
woman,ride,wave,404805
man,ride,wave,191672
man,hold,knife,263969
couple,cut,cake,263969
woman,consider,waves,59635
woman,surf,wave,404805
person,surf,wave,148739
men,play,soccer,438862
people,carry,surfboards,59635
table,have,meat,561465
bride,cut,cake,263969
man,ride,waves,567011
man,ride,surfboard,27972
plate,have,pizza,511453
woman,brush,teeth,445999
greens,dry,tomatoes,555412
machine,make,bagels,535523
wild,ride,waves,230819
man,present,cake,391722
baby,hold,toothbrush,311394
surfer,ride,wave,230819
surfer,catch,wave,230819
man,hand,cake,391722
person,hold,hand,137106
girl,brush,teeth,445999
that,have,food,173004
person,do,trick,51938
child,hold,toothbrush,311394
woman,hold,racket,327617
baby,hold,toothbrush,311394
girl,brush,teeth,445999
woman,play,game,498032
that,hold,book,551439
woman,raise,torch,498032
man,ride,surfboard,122672
who,perform,trick,456303
snowboarder,do,flip,456303
man,swinge,racket,64718
woman,inspect,features,383838
boy,ride,wave,471756
he,ride,board,471756
man,hold,paddle,112298
man,lift,weight,112298
bed,have,pillows,468245
oven,contain,dish,344795
surfer,ride,wave,378116
man,wear,robe,170191
toddler,brush,teeth,175251
boy,brush,teeth,175251
plates,have,food,108253
that,have,toothbrush,175251
that,have,sandwich,432085
that,have,racquet,274411
surfer,surfs,wave,252701
man,ride,board,252701
people,play,match,372577
girl,play,tennis,274411
players,shake,hands,76468
fryer,have,rows,254016
that,hold,lot,254016
players,shake,hands,76468
people,shake,hands,76468
that,have,pieces,232489
that,have,kinds,405195
that,have,sandwich,167572
sandwich,have,meat,417608
woman,watch,her,179487
table,have,sandwich,417608
women,hand,cake,517056
man,serve,ball,88970
people,eat,pizza,474167
person,ride,wave,51976
boy,blow,candles,180101
that,sit,plate,526197
that,serve,ball,88970
that,have,prices,526197
person,hold,pastry,475064
guy,do,tricks,37689
some,do,nuts,449312
women,sell,cakes,300276
she,hit,pall,551215
surfer,reach,peak,263403
baker,place,goods,231125
that,have,socks,536038
woman,read,something,536038
that,miss,slice,163611
woman,sit,pizza,336356
girl,eat,slice,361238
surfer,ride,wave,224222
guys,catch,waves,224222
friend,wave,oceans,224222
man,hold,child,468332
chair,have,pillow,416534
man,play,tennis,183391
surfer,do,trick,532481
people,hold,controls,512657
headphones,play,game,345252
who,hold,girl,468332
people,play,game,512657
snowboarder,do,trick,23359
person,snowboard,slope,426376
person,hold,hands,426376
surfers,catch,waves,332351
man,ride,wave,579635
surfer,ride,waves,579635
bride,cut,cake,350679
surfer,ride,wave,393056
group,ride,waves,332351
that,say,8:25,551780
person,ride,wave,210915
person,ride,wave,441286
man,ride,wave,210915
man,surf,wave,50943
person,prepare,surfboard,193674
person,ride,wave,50943
surfer,ride,wave,441286
man,play,tennis,237071
man,play,game,237071
vendor,serve,hotdog,210230
woman,put,dog,210230
that,have,lot,422886
boy,ride,wave,389197
boy,hold,control,96493
man,stuff,dog,422886
boy,ride,board,389197
that,have,scarf,563758
bear,have,handkerchief,563758
man,hold,plate,296222
people,play,game,75612
kid,wear,blanket,96493
man,open,box,248400
kid,hold,box,323355
boy,hold,pizza,323355
that,have,tinfoil,465430
child,hold,box,323355
i,want,pizza,197022
person,do,trick,491130
couple,play,games,320642
group,get,food,250901
he,get,ball,19432
couple,surround,sandwich,250901
that,have,lot,250901
man,surf,wave,376206
he,finish,meal,334417
boy,bounce,ball,177065
player,throw,ball,376900
hotel,have,tv,442323
plates,have,tortillas,138241
table,hold,items,180878
man,ride,wave,376206
dish,sit,glasses,242060
instructor,teach,students,410456
couple,walk,shoreline,364557
husband,take,pictures,363207
table,have,arrangement,467315
people,have,boards,410456
photographer,take,photos,363207
person,prepare,dog,523807
that,have,ketchup,523807
skateboarder,do,trick,253819
boys,enjoy,pizza,201426
player,play,tennis,885
sandwich,feature,portion,197004
woman,return,volley,885
egg,top,pizza,357903
man,hold,racket,342128
skateboarder,do,jump,253819
man,offer,slice,18150
person,show,racket,342128
man,carry,surfboard,395903
jacket,hold,racket,342128
that,hold,surfboard,395903
man,watch,tv,494913
man,hold,racket,342128
that,have,something,287959
person,watch,tv,494913
people,bring,boat,160728
bread,have,meat,287959
couple,kick,ball,577864
busuit,have,piece,197004
boys,play,soccer,567640
skateboarder,do,tricks,67310
he,perform,stunt,67310
case,show,sandwich,393014
player,hit,ball,463174
bunny,hold,brush,521405
that,have,brush,521405
mens,double,tournament,541123
man,use,board,302990
woman,feed,food,534041
men,play,match,541123
woman,feed,toddler,534041
woman,hit,ball,463174
people,play,tennis,541123
people,play,game,541123
him,eat,dog,534041
man,play,game,79969
woman,eat,dogs,513567
boy,grip,ball,474028
women,eat,dogs,513567
woman,hold,fork,292024
that,ski,field,322724
women,eat,dogs,513567
player,serve,ball,152686
that,have,plates,35682
someone,order,piece,206027
youth,hold,ball,474028
man,swinge,racket,152686
it,have,blood,190648
that,have,fruit,276434
man,play,tennis,152686
that,hold,phone,42528
that,play,wii,13729
that,cut,cake,276434
group,play,wii,13729
woman,play,tennis,32081
boy,ride,skateboard,187990
women,play,wii,371749
boy,chase,skateboarder,256868
that,have,toppings,548555
man,ride,wave,7278
man,film,boarder,256868
group,cut,cake,462371
person,eat,food,331817
girl,put,hand,290163
snowboarder,do,trick,217872
men,enjoy,pizzas,156076
diners,enjoy,sandwiches,279730
woman,swing,racket,32081
guy,show,prowess,574520
he,hold,skateboard,180135
bed,carry,sheets,51738
that,hold,toothbrush,193348
child,brush,teeth,193348
man,have,injuries,354307
man,have,cuts,354307
kid,brush,teeth,193348
woman,hold,racket,394559
that,brush,teeth,193348
that,hold,variety,345469
player,swing,racket,143572
heart,shape,cakes,128476
that,return,ball,143572
man,rest,head,354307
man,hit,ball,143572
box,contain,donuts,148957
bride,cut,cake,92939
that,eat,pizza,209530
couple,cut,cake,92939
box,contain,donuts,148957
that,hold,tray,24567
man,hold,patter,24567
person,make,sandwich,422998
they,ski,mountain,407650
that,have,one,502737
man,ride,wave,121673
he,play,game,575081
that,have,food,422998
woman,swinge,racquet,521717
that,play,game,575081
teams,play,soccer,214539
woman,prepare,sandwich,422998
kid,do,trick,176799
people,have,surfboards,515445
person,prepare,sandwich,422998
person,hold,cookie,502737
woman,hold,device,521717
boy,play,game,575081
person,ride,ramp,176799
that,have,tv,121586
that,have,ramp,176799
group,play,game,420069
blanket,hold,remote,96493
that,have,cream,345941
kid,show,pizza,248400
people,select,donuts,529122
man,eat,dog,420281
man,eat,doughnuts,69224
man,surf,wave,190007
man,ride,wave,190007
people,eat,doughnuts,69224
people,ride,surfboards,295316
woman,pick,sweets,529122
people,ride,waves,295316
pizza,include,ingredients,179214
images,show,table,396526
who,ride,wave,295316
store,make,doughnuts,450399
surfer,ride,wave,516318
man,eat,hotdog,420281
who,put,dog,420281
man,do,tricks,187585
boy,ride,bowl,187585
woman,ride,wave,535858
boy,eat,holes,99810
cookie,have,fruit,89670
woman,take,picture,226147
that,have,cake,89670
man,hold,parasail,312489
men,hold,surfboard,312489
trio,drink,wine,402720
who,take,picture,226147
group,drink,wine,402720
man,ride,surfboard,183127
wave,carry,surfer,183127
man,surf,wave,183127
surfer,ride,face,183127
that,have,doughnuts,322211
bed,have,controls,430286
lady,hold,controller,383842
woman,hold,tennis,475191
lady,use,controllers,383842
people,ride,wave,523033
that,have,wii,383842
group,play,soccer,398203
boarders,run,track,523957
racket,leave,arm,126137
that,eat,kind,47801
woman,hold,controller,383842
man,hold,racquet,1490
a,make,table,140076
boards,towel,chairs,16451
that,have,table,1993
room,have,table,140076
that,have,vase,140076
guy,surf,wave,482735
that,have,lady,195842
surfers,catch,waves,43435
player,swinge,racket,126137
man,play,tennis,55950
man,hold,plate,239717
man,make,volley,55950
surfers,ride,waves,43435
that,have,food,527784
men,ride,surfboards,43435
man,throw,ball,444142
man,carry,bag,63047
group,serve,pizza,376093
man,play,boxing,195842
group,eat,pizzas,376093
girl,hold,racket,117744
surfers,ride,waves,43435
girl,hold,racket,117744
man,hold,racket,321790
fancy,color,toothbrush,365385
that,hold,racket,321790
that,have,stove,458663
group,get,food,376093
person,eat,pizza,27696
skier,approach,bar,51938
man,play,tennis,238013
child,brush,teeth,175251
man,hold,racket,382009
that,have,racket,273760
that,have,guy,341196
person,ride,waves,341196
man,reahce,arms,388215
man,hold,bat,510095
trade,show,visitors,448076
man,hold,bat,510095
spectators,play,game,39405
team,return,volley,39405
players,play,couples,39405
crowd,fly,kites,299553
match,take,place,39405
man,hold,controllers,201646
tv,have,pictures,479248
clock,display,time,67896
that,have,sign,349678
towel,cover,tv,39477
kid,point,camera,259597
that,have,nothing,132329
pizza,have,slices,357430
boy,record,performance,259597
children,share,laptop,529148
children,use,laptops,529148
people,fly,kite,494759
door,have,papers,135561
woman,help,boy,529148
cabinet,have,assortment,415716
that,have,patterns,157046
batter,hit,ball,196141
hand,hold,tag,157046
hand,point,remote,157046
player,swing,bat,304404
that,have,clock,425925
you,see,bedroom,415741
man,place,item,137294
man,swinge,bat,447187
gentleman,remove,food,137294
people,have,fun,312237
sets,hold,phone,213035
group,fly,kites,224664
pitcher,launch,ball,447187
men,hold,phones,213035
people,bump,phones,213035
birds,roll,beach,224664
microwave,have,board,577584
man,fly,kite,124442
boy,swinge,bat,414673
girls,pay,game,182155
girls,play,wii,182155
girl,play,system,578489
boy,play,baseball,414673
group,play,wii,578489
that,come,oven,32038
monitor,show,image,186282
man,use,laptop,492110
snow,cover,street,43737
man,run,bases,506707
children,fly,kite,256775
girl,play,game,578489
girls,play,game,182155
plate,top,chicken,8277
clock,mark,position,43737
room,utilize,stove,568710
people,play,tennis,292225
people,play,tennis,292225
clock,show,time,216419
chef,pull,pizza,424349
girl,use,control,107339
everyone,use,devices,89648
man,prepare,food,246436
girls,play,tennis,292225
that,feature,buildings,290179
person,slice,pizza,246436
guest,enjoy,himself,167486
man,serve,ball,119995
player,play,tennis,119995
women,play,singles,292225
player,stick,hand,193743
man,hold,hand,193743
people,play,tennis,292225
woman,throw,ball,37988
children,make,pizzas,146457
man,play,tennis,171788
woman,give,bottle,397354
player,serve,ball,37988
girls,make,pizzas,146457
corner,have,clock,168330
boy,make,pizzas,146457
men,play,game,325483
that,have,clock,400922
athletes,play,game,302107
women,play,baseball,370270
that,have,clock,164363
screen,have,colors,186282
women,play,ball,370270
pair,play,games,325483
room,paint,red,31735
men,play,game,325483
room,paint,beige,139684
people,play,baseball,276804
woman,play,game,532690
wall,have,clocks,156292
woman,crochet,case,343706
crowd,fly,kites,527528
child,have,helmet,158227
clock,show,time,164363
women,bake,turkey,280918
hand,hold,cover,343706
woman,have,smartphone,343706
officer,use,phone,383289
room,witj,couch,139684
man,fly,kite,7511
that,fly,plane,511647
guy,show,guy,556193
people,play,game,257370
woman,hold,slice,58350
display,form,centerpiece,7818
men,hold,controllers,556193
people,play,game,257370
man,fly,kite,7511
animal,depict,bear,106330
people,fly,kite,7511
kids,play,baseball,257370
man,fly,kite,511647
people,play,game,257370
that,play,game,455937
men,play,game,556193
boy,swing,bat,370375
hand,hold,smartphone,450686
hand,hold,iphone,450686
player,hit,ball,302107
tower,have,pole,541952
hand,hold,iphone,450686
player,swinge,bat,302107
player,set,racket,407646
man,hold,phone,341828
it,display,message,499266
statue,hold,kite,23751
side,have,clock,76211
that,have,windows,31735
people,fly,kites,288430
woman,examine,cellphone,581317
woman,point,drier,384136
person,fly,kite,511647
man,eat,talking,341828
woman,check,phone,119516
woman,stand,something,261061
look,telegraphs,error,407646
boy,have,helmet,370375
crowd,watch,try,429690
that,have,room,570456
that,include,laptop,376264
man,hold,bat,182021
woman,brandish,dryer,384136
woman,hold,dryer,384136
kitchen,have,cabinets,446005
who,hit,ball,407646
group,fly,kites,163057
player,hit,ball,223738
space,include,kettle,376264
that,have,tree,573094
man,hit,baseball,429690
women,take,turkey,280918
man,check,phone,411754
clock,tell,time,175438
woman,play,game,452515
men,walk,directions,249180
70s,theme,room,458410
woman,take,portrait,179112
pen,sit,side,64574
man,have,face,164883
people,fly,kites,163057
children,play,baseball,457884
woman,take,portrait,179112
people,fly,kites,405279
woman,take,picture,179112
sign,advertise,room,162035
sign,have,bear,162035
player,take,swing,223738
ladies,take,turkey,280918
players,play,baseball,872
couple,play,baseball,872
woman,throw,ball,452515
people,fly,kites,193245
group,fly,kites,193245
cameras,capture,player,452515
girl,play,game,559543
tower,have,vane,295797
girl,play,videogame,559543
steeple,have,piece,295797
baby,hold,poles,398237
man,fly,kite,577959
man,poke,head,552775
she,have,something,194716
boys,play,game,457884
vase,hold,arrangement,31050
cup,hold,scissors,550322
that,hold,ben,528578
people,fly,kites,163057
that,chew,something,194716
man,play,game,471893
man,play,game,471893
man,hold,controllers,471893
player,cross,plate,62355
guy,hold,bat,86956
room,have,balloons,14038
women,play,game,215259
it,have,mouse,335658
player,take,stance,216296
boy,carry,animal,50638
child,hold,controllers,489611
lady,wear,dresses,478420
woman,eat,pizza,240250
person,hold,piece,255483
she,down,piece,240250
group,fly,kites,293200
boy,have,hairbrush,60899
that,have,clock,343149
players,look,plate,217285
player,swinge,arm,474078
that,have,rocks,298904
player,swinge,bat,474078
someone,operate,mouse,524456
pitcher,throw,baseball,311002
that,have,clock,437110
group,fly,kites,570756
boy,play,wii,144984
people,fly,kites,407868
people,use,glides,570756
man,fly,kite,407868
people,fly,kites,570756
tower,display,clock,245173
boy,play,game,144984
area,feature,couch,277197
men,play,games,506178
student,show,phone,119365
people,fill,area,77460
people,fly,kits,77460
man,fly,kite,407868
person,dry,hair,501368
person,press,button,144784
building,have,tower,79588
batter,take,swing,279774
man,play,tennis,390902
girl,fly,kite,159399
woman,fly,kite,447314
batter,await,pitch,98287
mother,fly,kite,447314
group,play,baseball,98287
player,swinge,bat,279774
woman,hold,phone,119365
people,fly,kite,447314
woman,fly,kite,447314
wall,mount,clock,331317
men,play,game,416451
case,hold,feathers,512403
man,answer,phone,273420
that,read,8:29,217425
clock,read,2:30,331317
hart,shape,sculpture,285349
heart,shape,jar,285349
slices,garnish,topping,159112
man,take,photo,545100
pitcher,throw,ball,531135
players,cub,teams,447088
child,eat,food,530061
you,see,shadows,331317
man,take,video,545100
woman,have,headphones,537991
boy,hang,kites,235778
man,photograph,city,545100
woman,show,something,174371
people,fly,kite,14439
women,play,game,293625
girls,play,system,293625
that,include,tomatoes,340015
that,replace,numbers,256407
man,play,tennis,261097
player,practice,swing,89296
man,use,laptop,232684
woman,hold,phone,1296
woman,hold,cellphone,1296
building,have,tower,57725
man,hold,phone,345397
that,include,cellphone,348481
man,take,pictures,345397
girl,hold,her,1296
you,hunky,player,248112
women,use,phone,229216
that,have,clock,111179
person,play,tennis,248112
man,swinge,racket,248112
room,have,television,195754
man,throw,ball,205105
player,serve,ball,205105
image,have,clock,7888
that,have,computer,27620
station,have,ceiling,106563
woman,hold,racket,449579
woman,play,tennis,449579
girl,hold,brush,66886
girl,brush,hair,66886
woman,play,games,515077
that,play,movie,515077
vase,hold,flowers,555972
girl,grab,hair,66886
man,hold,phone,345356
boy,swing,bat,548339
males,have,cellphone,345356
sofa,have,people,115870
teammates,take,swings,160864
woman,hold,parts,224675
person,play,game,454067
refridgerator,have,things,537672
computer,display,screen,63602
that,reflect,room,537672
woman,put,kite,224675
room,have,couch,31248
woman,play,games,454067
someone,play,game,454067
plate,have,bread,170595
girl,wear,belt,209753
player,grab,ball,384670
group,fly,kites,459809
people,fly,kites,468965
people,enjoy,games,471789
bear,stuff,animal,322844
person,hold,device,462643
players,watch,batter,388056
people,fly,kite,471789
woman,take,picture,151000
one,have,flowers,51326
room,have,couches,232088
one,have,flowers,51326
man,hold,bat,136915
some,window,tables,233825
player,swinge,bat,281409
that,have,light,508312
woman,play,game,445792
room,have,furniture,540962
hand,hold,cd,181499
that,have,oven,508312
that,hold,phone,52413
someone,hold,phone,52413
man,hit,ball,261732
that,read,handle,355610
umpire,officiate,game,458045
that,holdng,racket,161861
boy,swing,bat,458045
kid,play,game,410510
players,play,baseball,95862
group,play,game,474021
lady,play,game,563470
images,show,preparation,410735
someone,hold,kite,47740
that,have,figures,246308
room,have,windows,405970
man,para,glides,15660
man,hold,strings,263679
person,observe,them,468501
windsurfer,watch,people,15660
that,have,bunch,322895
that,show,vase,415238
friends,have,time,468501
people,play,game,468501
group,fly,kites,143068
boy,hit,ball,39951
girl,watch,laptop,51610
microwave,close,clock,269866
women,play,game,185890
man,fly,kite,432898
chrome,color,toaster,269866
laptop,have,player,553664
that,have,clock,7888
who,play,games,518770
four,side,clock,7888
bears,have,crowns,370900
that,sell,bears,474293
man,blue,kite,432898
woman,show,pizza,306700
lady,hold,pizza,306700
woman,show,pie,306700
people,have,meeting,465822
that,record,meeting,465822
room,have,fireplace,367569
woman,hold,drink,22705
she,hold,glass,22705
group,play,games,411817
boy,hold,controller,229111
woman,hold,flute,22705
who,play,tennis,343218
man,use,pair,5001
kitchen,have,fridge,57238
someone,hold,bear,12670
male,take,pictures,302882
students,check,phones,537270
man,take,selfie,302882
player,hit,ball,25424
man,fly,kite,289960
people,search,phones,537270
woman,hug,mouse,322944
man,take,photo,302882
man,take,selfie,302882
one,own,bear,12670
who,take,picture,302882
woman,use,phone,6771
room,have,table,340175
man,fly,kite,289960
hands,hold,silverware,312192
people,play,game,440184
that,have,pizza,312192
a,double,match,440184
vase,hold,flowers,132375
group,fly,kites,163117
gold,trim,clock,392228
people,fly,kites,163117
man,hold,stuff,158744
everyone,see,it,170116
person,hold,cellphone,112997
man,hold,bat,248752
men,play,games,300341
that,wear,mask,253433
women,play,tennis,12120
friends,play,other,300341
hand,hold,cellphone,112997
men,play,console,300341
building,have,clock,322968
that,hold,kind,112997
that,have,clock,246522
that,have,bear,70229
phone,have,features,334977
group,eat,pizza,208363
all,eat,pizza,208363
players,play,baseball,54593
woman,play,tennis,504389
players,play,baseball,383384
that,read,pub,214224
vendor,have,lots,434230
images,form,picture,492905
tray,have,pastry,192904
kid,swinge,bat,54593
people,enjoy,themselves,82688
person,hold,racket,199310
man,show,kite,357888
man,hold,object,357888
tower,have,clock,113867
room,have,bookcase,379441
desk,have,monitors,371677
desk,have,monitors,195918
kid,hold,stick,305309
boys,play,baseball,305309
room,contain,bookshelf,379441
that,have,picture,53909
that,have,clock,427055
individual,do,something,160556
boy,hit,ball,311928
being,do,something,425227
people,fly,kite,425227
person,take,photo,53909
guy,play,wii,109313
people,play,game,82688
individual,have,time,565853
somebody,leave,top,379441
man,play,wii,109313
man,take,picture,120420
individual,do,something,120420
device,display,message,332570
room,have,guitars,104666
all,use,phones,399205
group,have,meal,85157
lady,ride,bike,125572
people,fly,kites,74646
desk,have,laptops,507575
classroom,have,letters,371699
woman,serve,ball,127270
girls,play,games,465549
man,hold,controllers,156924
man,play,game,156924
pair,play,game,465549
woman,use,phone,281687
kerttui,show,12:44,140929
people,play,game,465549
man,walk,beach,74646
man,play,videogame,156924
that,have,people,74646
game,take,place,359540
people,play,tennis,187734
man,play,games,156924
room,have,couch,47769
river,have,buildings,506004
that,have,television,395701
woman,try,fit,357978
boy,play,tennis,323496
player,swinge,bat,359540
person,water,plants,86582
man,play,game,468954
that,have,sculptures,429530
man,fly,kite,199395
people,hold,kites,236599
people,watch,parasailing,199395
each,hold,pizza,256916
bear,hold,stick,328030
group,fly,kites,236599
man,hold,bat,474344
bear,hold,stick,328030
girl,fly,kite,367228
man,fly,kite,367228
help,get,kite,39914
woman,fly,kite,367228
boy,fly,kite,579307
who,hold,kite,579307
person,hold,smartphone,300039
who,hold,bat,474344
that,have,food,222455
boy,fly,kite,130586
he,fly,kite,130586
woman,take,picture,300039
man,throw,ball,269121
one,fly,kite,357238
man,hold,door,213086
that,fly,kite,357238
person,fly,parasol,357238
woman,use,laptop,325838
man,help,player,259690
man,help,athlete,259690
woman,prop,computer,325838
who,hold,bat,259690
player,play,tennis,236426
player,grab,bat,415727
player,eye,ball,438876
that,have,tower,344614
that,have,furniture,13923
feet,leave,ground,236426
pizza,miss,slice,160012
that,hit,ball,60507
bear,sit,group,219283
people,fly,kites,305317
room,feature,furniture,13923
people,fly,kites,305317
who,fly,kites,305317
player,hit,ball,60507
that,have,rack,35326
room,have,couches,367386
room,feature,colors,367386
fridge,have,eggs,28452
bunch,hold,kites,305317
refrigerator,have,drink,28452
men,use,all,324258
people,play,game,324258
men,carry,kite,478721
father,take,selfie,546475
that,carry,kite,478721
people,play,games,36936
backsplash,cover,wall,35326
man,hold,cellphone,506933
man,hold,iphone,506933
that,have,computers,148620
desk,have,monitors,465718
someone,make,drink,536073
that,play,tennis,182923
man,hit,ball,412286
that,have,walkway,377393
that,hold,baby,546475
people,fly,kites,530470
woman,peak,pile,459954
room,have,posters,171740
legs,propel,her,182923
that,have,clock,312263
tower,feature,walkway,243034
woman,strike,ball,90284
building,have,tower,414676
photo,show,ways,308587
tower,line,pool,243034
man,hold,child,356248
sign,have,letter,214224
owner,use,laptop,290843
that,have,collar,14007
that,hold,kite,576654
who,hold,parachute,576654
boy,swinge,bat,320490
building,have,clock,101884
keyboard,have,objects,321118
screen,display,image,46031
boy,swinge,bat,320490
player,hold,bat,507223
cathedral,have,clocks,526256
player,approach,plate,507223
desk,have,monitors,255165
that,show,view,482487
room,have,flight,579970
teddy,bear,clothing,211120
closeup,show,chair,321333
man,hold,cellphone,553731
that,have,refigeratator,168593
that,have,kind,529528
girl,play,game,27186
girl,play,game,27186
girls,play,game,404839
boys,read,books,73533
that,have,clock,402334
gentlemen,hold,kite,514797
that,have,clock,519522
that,have,couches,578500
man,make,face,391140
that,have,vegetables,320706
man,swing,glider,514797
man,hold,crust,224337
room,paint,color,578500
man,hit,ball,5586
he,hold,piece,224337
that,have,couple,492758
boy,play,game,391140
room,have,walls,578500
man,give,thumbs,203629
room,have,wall,578500
that,have,plates,17714
that,have,food,410487
room,show,glimpse,578500
wall,surround,graveyard,120572
that,have,clock,120572
clock,have,name,150930
which,have,atm,430048
woman,take,notes,147415
that,read,atm,430048
man,stir,something,473869
man,hold,bowl,473869
woman,play,tennis,427997
pair,fly,kite,67406
man,swinge,racket,248616
who,take,bath,508730
that,have,food,426253
that,have,items,513688
people,fly,kite,471789
player,swing,bat,281409
girls,play,wii,107339
kneels,prepare,kite,93261
person,hold,cd,181499
people,fly,kite,468965
player,take,swing,203931
people,fly,kites,163057
people,fly,kites,163057
man,use,chopsticks,25386
he,hold,baby,356248
baby,get,haircut,297562
shop,get,haircut,297562
group,have,meal,151820
men,hold,glasses,418062
vase,hold,tulips,407403
man,do,toast,32334
man,toast,glasses,32334
building,have,pole,153782
man,wear,scissors,500716
bartender,open,bottle,25394
man,pour,glass,541773
guests,enjoy,glass,541773
man,take,picture,334309
man,take,photograph,334309
fence,have,bear,549136
that,open,bottle,25394
bartender,open,bottle,25394
that,have,teeth,286660
woman,hug,bear,286660
bear,wear,teeth,286660
woman,hold,animal,286660
that,include,chicken,181796
man,pour,drink,417632
that,have,plates,305609
person,open,package,251824
person,remove,packaging,251824
someone,open,product,251824
person,remove,object,251824
that,include,hashbrowns,305609
children,have,snack,484351
hand,paint,urn,262631
that,include,corn,210520
pole,have,clock,58655
table,have,flowers,210520
boy,ride,bike,411938
children,enjoy,meal,336053
vase,have,rose,376478
that,eat,food,157767
woman,lick,lips,297084
woman,catch,guard,297084
woman,eat,meal,297084
girls,hold,bear,57150
vase,have,flowers,512194
teddy,bear,one,174018
one,wear,shirt,174018
girls,cook,asparagus,512929
girls,cook,beans,512929
bears,lay,side,174018
diners,enjoy,beverages,546219
that,include,shrimp,559513
downward,angle,picture,496571
styrofoam,flip,container,386134
that,have,flowers,372718
child,hold,bowl,578871
woman,sit,table,356531
plate,fry,eggs,347335
men,enjoy,wine,146155
box,contain,breakfast,452084
that,hold,animal,435205
bowl,have,soup,105335
she,make,cigars,368294
women,have,glass,70739
group,gather,glass,238410
they,hold,glasses,70739
who,hold,glasses,70739
that,have,plate,66706
pizza,have,plates,173371
plate,have,bowls,5600
table,have,burners,21465
people,eat,meal,338905
shelf,hold,vases,21465
unit,have,cups,21465
lunch,include,drink,173091
men,eat,breakfast,363666
group,share,meal,31296
that,have,flowers,168458
man,pour,glass,180751
man,pour,types,180751
that,pour,glass,180751
he,have,food,368752
that,have,hand,257169
person,hold,dryer,257169
woman,hold,dryer,257169
bear,sit,side,522638
group,read,menu,376322
bear,share,picture,522638
that,have,ribbon,189436
people,hold,glasses,85089
hands,toast,glasses,85089
that,hold,glasses,85089
that,have,food,541634
that,have,bowl,541634
