man	wear	hat
telephone	have	banana
group	drive	tree
man	enjoy	nap
man	wear	hat
dog	watch	television
dog	watch	tv
woman	take	selfie
cat	catch	bird
cat	devour	bird
woman	take	photo
custom	make	motorcycles
cat	take	pose
toddler	celebrate	birthday
woman	hold	camera
bowl	have	oranges
giraffe	check	other
truck	have	dog
bathroom	have	sink
that	have	garbage
photo	eith	lock
group	ride	street
who	share	bathroom
child	hold	spoon
women	wash	motorcycles
bathroom	feature	sink
girls	wash	motorcycle
cream	theme	bathroom
some	cabinet	washer
bathroom	have	walls
train	have	door
kitchen	have	chest
man	eat	banana
spectators	enjoy	show
man	eat	banana
man	take	bite
we	see	horse
people	ride	motorcycle
closeup	have	fork
man	herd	goats
officer	lay	trap
room	have	tables
people	ride	motorcycle
tram	make	way
plane	leave	tail
airplane	leave	contrail
bathroom	have	look
people	cross	street
chamber	contain	devices
bathroom	contain	toilet
lot	feature	trees
exhibit	feature	planes
bathroom	have	mirror
cat	meander	walkway
photos	show	girls
who	set	camp
that	have	rack
bus	have	seats
man	take	picture
bus	have	seats
person	hold	spatula
woman	carry	bunch
tv	adorn	mirror
apartment	have	belongings
cat	drink	water
that	have	wheels
people	make	turns
tiger	stripe	cat
man	take	picture
bathroom	have	trim
that	cook	food
that	paint	color
airplane	make	way
clock	read	11:44
tower	feature	clock
bathroom	have	sink
bathroom	have	pattern
jets	fly	water
man	ride	motorcycle
woman	brush	teeth
man	ride	motorcycle
men	ride	motorcycles
helmet	ride	motorcycle
woman	brush	teeth
woman	brush	teeth
man	blow	candles
skateboarders	roll	slope
man	hold	banana
woman	pull	luggage
plane	leave	trail
floor	have	pattern
room	have	tint
woman	show	slice
bathroom	contain	sink
dog	use	mouth
man	hold	frisbee
buildings	cover	area
person	rest	head
collage	show	car
that	cook	food
pedestrian	cross	street
that	have	monitors
man	prepare	food
church	glass	window
bicyclist	perform	wheelie
bathroom	have	toilet
man	smile	sitting
man	balance	bicycle
that	have	trees
person	cross	street
that	have	trees
man	tie	food
bathroom	have	curtain
contestant	catch	sheep
motorcycles	line	street
woman	put	shopping
someone	drive	cart
person	drive	motorcycle
area	feature	shelving
woman	check	motorcycle
boy	cut	cake
man	race	horse
who	wear	suits
who	ride	motorcycle
area	feature	window
person	ride	motorcycle
bathroom	have	walls
vendor	sell	food
person	ride	motorcycle
couple	prepare	food
woman	leave	building
woman	sell	fruit
that	have	tomatoes
room	feature	cabinets
person	cook	eggs
bathroom	have	walls
woman	wear	wetsuit
island	have	sink
that	have	lunch
woman	make	eggs
lady	prepare	pancakes
cleaners	take	rest
dog	wear	helmet
dog	cut	piece
man	slice	meat
bus	make	turn
bus	make	way
kitchen	have	cabinets
owner	cut	meat
person	spray	inside
man	ride	motorcycle
bathroom	have	pattern
man	spray	toilet
bathroom	show	sink
bathroom	sing	counter
look	herd	sheep
dog	stick	head
man	have	look
someone	demonstrate	works
that	have	tv
mirror	show	dog
kitchen	have	refrigerator
which	include	bidet
which	overlook	water
bathroom	have	seat
wow	pare	some
woman	take	photo
women	take	picture
man	hold	bunch
toilet	paint	red
light	have	faces
motorcycle	chip	doors
that	hit	pole
area	feature	refrigerator
bathroom	have	sinks
kitchen	have	lot
mug	show	skull
streetlights	light	night
people	take	look
girl	eat	banana
group	ride	motocycles
clock	keep	time
monitor	have	picture
it	use	cleaning
clock	have	face
mouse	cord	wires
woman	teach	class
kitchen	have	table
kitchen	have	chandelier
that	ride	motorcycle
people	purchase	tickets
people	serve	food
people	have	plate
nman	pick	food
that	have	floor
that	carpet	floors
toaster	have	eyes
kitchen	have	refrigerator
group	paddle	boat
person	stand	steering
airplane	do	tricks
airplane	let	smoke
biplane	leave	trail
bathroom	have	seat
utensils	line	sink
kid	jump	hill
kitchen	have	cabinets
that	have	pieces
person	flush	toilet
hand	flush	toilet
station	have	television
that	have	seat
bunch	make	way
kitchen	have	range
hundreds	clog	traffic
people	take	pictures
that	face	television
someone	put	collection
person	dress	it
someone	open	hood
man	ride	skateboard
man	wear	kilt
that	wear	coat
men	do	work
people	cut	cake
man	hold	bunch
bathroom	flush	toilet
that	have	shells
cell	have	toilet
bathroom	have	sinks
bathroom	have	sinks
man	hold	bunch
that	break	wood
pedestrians	cross	street
woman	make	contact
bathroom	have	sink
giraffes	have	log
men	ride	big
man	ride	bike
cop	ride	motorcycle
chefs	prepare	meals
dog	have	nose
that	have	table
person	ride	bike
that	have	bathtub
policeman	lead	way
someone	mount	umbrella
giraffe	peer	heads
people	reach	hands
person	fly	biplane
officer	ride	motorcycle
girl	take	selfie
bathroom	paint	blue
bathroom	take	selfie
woman	brush	teeth
bathroom	have	tiles
shepard	herd	flock
that	say	500
who	hold	whisk
kitchen	have	floor
bathroom	have	sink
that	have	televisions
television	show	movie
man	brush	teeth
statue	hold	orb
people	ride	bikes
people	drive	motorcycles
that	clean	products
that	have	fridge
kitchen	have	pineapples
bathroom	stand	shower
bike	do	tricks
bathroom	show	toilet
people	negotiate	streets
that	have	wall
that	ride	bikes
oerson	raid	fridge
that	have	television
that	have	rice
man	take	selfie
cat	drink	water
kitchen	have	appliances
that	have	stove
man	take	picture
woman	have	knife
man	take	photo
dog	eat	food
bathroom	have	toilet
kitchen	have	cabinetry
boy	ride	carts
beach	have	area
that	have	refrigerator
person	take	picture
bus	lose	wheel
burner	stove	door
person	take	picture
that	have	tags
puppy	pull	line
bathtub	take	wall
that	have	bunch
plane	soar	hundreds
ad	show	kitchen
man	stand	guitar
puppy	pull	paper
group	hold	animals
plane	take	runway
advertisement	show	kitchen
cook	make	something
who	cut	something
that	have	day
giraffes	enjoy	walk
that	have	frame
person	drive	motorcycle
people	ride	motorcycles
that	have	oranges
woman	prepare	bread
group	ride	motorcycles
man	take	picture
table	have	bowl
kitchen	have	appliances
line	ride	bicycles
bathroom	have	army
bathroom	feature	toilet
that	have	bowl
kitchen	have	stove
bathroom	have	sink
bathroom	have	all
mirror	enhance	bathroom
that	have	window
that	have	cookware
building	have	computers
person	show	bowls
chef	display	bowl
woman	hold	child
that	include	variety
rider	take	break
woman	hold	child
photo	show	toilet
cat	sit	inside
that	have	landed
bicycles	park	other
kitchen	have	tools
jet	take	passengers
airplane	stand	motionless
pillars	give	feel
person	fill	jars
that	have	television
restaurant	have	clock
girl	check	phone
woman	ride	bike
person	can	oranges
man	hold	controller
that	have	bowl
person	use	keyboard
man	wear	hat
photo	depict	woman
housewife	hold	platter
bunch	cross	intersection
man	perform	trick
he	perform	trick
athletes	perform	tricks
bathroom	have	walls
man	fall	skateboard
urinals	have	signs
that	have	stairs
woman	place	turkey
bathroom	have	mirror
photographs	show	sign
men	herd	pack
man	ride	motorcycle
that	have	wall
that	have	counters
boy	wear	helmet
man	ride	motorcycle
that	advertise	restaurant
that	pet	cat
woman	ride	bicycle
building	have	tower
group	pass	buildings
they	pet	it
people	ride	motorcycles
photo	depict	courtroom
that	separate	harbor
trees	banana	dirt
woman	take	selfie
people	ride	bikes
pair	drive	highway
area	feature	wall
man	stick	tongue
mirror	have	candles
lot	cause	jam
set	display	game
man	ride	motorcycle
woman	walk	bike
books	shelve	television
cat	have	paws
that	have	mirror
vanity	feature	motif
men	ride	horses
couple	ride	horses
officer	ride	motorcycle
bathroom	have	walls
bathroom	have	sink
people	watch	man
that	have	products
that	put	fire
door	have	panels
picture	show	interior
couple	show	motorcycle
room	have	counters
kitchen	feature	island
pictures	feature	bananas
kitchen	have	island
bathroom	have	shower
bathroom	have	rack
person	ride	dirtbike
person	ride	bike
dog	have	head
giraffes	take	turns
man	wear	gloves
kitchen	have	stove
that	have	pot
it	have	appliances
man	drive	motorcycle
airline	taxi	runway
characters	give	presentation
desk	hold	lunch
man	read	story
man	wear	costume
room	multicolore	floor
toilet	have	lid
who	bike	street
one	ride	bike
wall	mount	urinals
bathroom	have	shower
that	have	soup
that	have	dog
bathroom	have	appliances
bird	eat	bread
party	eat	pizza
dog	pull	woman
woman	dip	food
that	have	toilet
woman	ride	bike
woman	ride	bike
that	bike	road
grey	stripe	cat
man	pick	piece
bus	have	books
motorcycles	park	trees
cat	watch	cars
that	have	bunch
door	reveal	toilet
girls	smoke	cigarettes
that	have	extinguisher
woman	brush	teeth
that	feature	wall
man	hold	object
bowl	contain	tangerines
bathroom	have	sinks
bathroom	have	tub
man	park	motorcycle
people	wear	helmets
someone	park	bicycle
that	have	decor
crosswalk	have	fire
fire	have	hose
it	approach	platform
crew	repair	light
smoke	obscure	mural
that	have	text
bus	drive	street
kids	feed	giraffe
giraffe	hang	neck
man	read	book
giraffes	roam	paddock
giraffe	extend	tongue
herd	cover	piece
boy	hold	leaf
scene	feature	car
train	round	tracks
that	head	tracks
woman	sit	nest
signs	show	intersection
detector	display	speed
cars	buy	sign
people	browse	shops
train	head	tracks
engine	pull	cars
giraffe	eat	leaves
that	read	k.
drives	pass	station
dog	sniff	base
giraffes	eat	branch
zebras	eat	piece
chicken	cover	landscape
sign	show	directions
giraffes	share	branch
train	stretch	track
man	carry	sheep
building	have	signs
signs	point	directions
man	carry	sign
goose	eat	grass
sheep	carry	hill
benches	face	other
swan	have	grasses
buses	have	tower
view	overlook	ocean
yard	have	fence
train	give	illusion
bench	cover	serenity
ducks	follow	mother
giraffe	keep	eye
intersection	have	building
man	have	bottle
man	put	bottle
people	walk	truck
man	drink	water
that	show	graffiti
sign	mark	intersection
image	show	signs
people	leave	station
picture	face	eyes
man	walk	bike
giraffes	make	contact
man	push	bike
one	feed	leaves
man	offer	leaves
men	share	meal
group	feed	giraffes
sign	give	streets
sheep	have	look
giraffes	stick	heads
giraffe	lean	neck
that	have	face
birds	get	drink
that	house	pieces
bus	make	splash
car	pass	it
sign	say	bronx
that	have	light
that	say	drive
that	read	dr
groups	admire	plane
that	say	avenue
train	pull	guard
cat	attack	weeds
group	cross	street
giraffe	point	head
giraffe	stretch	next
sign	say	drive
statue	hold	newspaper
giraffe	raise	head
train	round	corner
giraffes	wander	park
bus	drive	street
giraffe	enjoy	treat
man	kiss	woman
man	kiss	top
man	kiss	girl
man	kiss	woman
girl	take	picture
man	ride	horse
woman	take	photo
hat	ride	horse
statue	read	newspaper
sign	point	way
some	tree	people
train	enter	stop
street	show	buildings
that	let	smoke
train	have	oval
that	read	parking
man	enjoy	afternoon
giraffe	have	horns
that	read	village
that	read	othello
bus	read	bus
sheep	stand	grass
boy	take	picture
giraffes	poke	heads
window	blur	image
bus	make	way
zebra	eat	hay
signal	show	lights
light	show	yellow
noel	have	sign
i	love	tottenham
green	light	bright
fire	have	posts
lights	glow	green
train	read	bnsf
giraffe	suck	bottle
sign	mean	profanity
city	have	buildings
that	go	tracks
kids	pet	sheep
boy	have	hand
photo	check	people
car	have	letters
clock	make	statue
sign	give	face
street	give	directions
that	have	sign
building	have	lamp
people	cross	street
couple	cross	street
statue	have	clock
pedestrians	cross	street
bus	pick	riders
red	enter	sign
a	enter	sign
that	read	sparta
cops	ride	horses
man	feed	birds
woman	take	snooze
giraffes	eat	shrubbery
giraffes	eat	leaves
subway	stop	entrance
giraffes	love	leaves
that	have	stars
giraffes	set	grass
flag	paint	fire
vehicle	cross	intersection
passersby	ignore	sign
child	place	hands
people	cross	street
that	have	number
child	pet	sheep
that	say	peddling
horses	eat	hay
man	use	computer
adult	face	direction
dog	wear	cap
engine	approach	switch
engine	haul	cars
sparrows	sit	table
giraffe	stick	nose
child	drink	bottle
street	have	sign
house	line	road
signs	give	names
trains	pass	other
giraffes	spend	time
sign	have	sign
signs	cast	shadows
building	have	graffiti
giraffe	lower	head
sign	advertise	locations
it	have	advertisement
trucks	pass	building
street	run	direction
people	cross	sign
birds	pick	berries
who	buy	groceries
man	wear	sunglasses
bird	eat	berries
bird	eat	berry
woman	hold	baby
herd	cover	banks
it	travel	tracks
bird	have	beak
that	pass	bridge
snow	cover	fire
giraffe	splay	legs
cars	pass	trees
sherds	move	road
sheep	follow	other
bird	put	beak
train	go	track
guy	pass	bus
man	walk	sidewalk
locomotive	haul	freight
women	debark	bus
that	have	signs
picture	have	bat
lady	wear	hat
woman	hold	cellphone
people	board	bus
that	contain	boats
people	have	conversation
giraffe	eat	leaves
that	say	whoa
couple	ride	horses
that	eat	some
giraffe	eat	leaves
bus	drive	street
cat	wear	hat
sheep	eat	grass
cat	wear	cap
cat	wear	hat
man	sun	himself
that	approach	pickup
that	let	passengers
sign	have	sign
giraffe	make	face
train	make	way
that	paint	colors
giraffe	make	face
hydrants	have	looks
that	have	rainbow
group	crowd	streets
train	make	way
train	ride	tracks
cars	crowd	street
people	cross	street
lens	show	corner
people	cross	street
sign	have	graffiti
sign	have	graffiti
structure	ride	way
that	have	piles
people	cross	crosswalk
that	have	lane
engine	pull	car
that	have	amount
hydrant	have	lot
that	say	roja
flock	cross	field
picture	show	side
that	have	water
train	go	track
train	pull	number
bus	drive	street
that	have	lights
bus	turn	corner
that	have	sign
who	push	bus
bird	sit	branch
bench	overlook	pool
train	drive	tracks
that	hold	frog
that	have	graffiti
bird	eat	frog
bird	clean	itself
train	have	paint
bus	drive	street
sheep	inspect	pile
bus	make	way
man	hold	sign
person	choose	seat
couple	pull	cart
people	board	it
man	hold	sign
cloud	overshadow	houses
donkey	pull	cart
train	move	tracks
sign	have	graffiti
bench	have	grass
man	wear	suit
number	enjoy	themselves
train	pass	bridge
stop	sign	bushes
giraffe	eat	grass
man	hit	balloon
building	shine	windows
man	swinge	bat
train	make	way
player	swinge	bat
that	have	sign
bench	have	hat
train	drive	tracks
hydrant	have	ice
signs	state	directions
goats	get	tie
person	hold	bag
herd	block	road
women	serve	cakes
sign	read	stop
slope	cover	background
elk	have	horns
goats	eat	grass
bird	have	head
girls	pet	goats
children	pet	animals
girls	pet	goats
girls	pet	goat
train	come	tracks
sign	read	bacchanalia
that	indicate	six
men	line	runway
woman	watch	train
trains	sit	idle
signs	proclaim	intersection
giraffes	eat	greens
station	have	building
sign	mark	intersection
building	line	street
hydrant	have	writing
that	have	leash
train	come	tracks
that	have	snow
that	have	sign
lone	stop	sign
that	have	lanes
street	have	cars
pedestrians	pass	light
man	take	picture
row	line	street
that	have	containers
intersection	feature	cars
picture	show	top
train	cross	street
rain	cover	terrain
bird	have	head
station	have	lights
that	read	animals
that	have	graffiti
bench	have	symbol
woman	hold	baby
eatery	have	area
train	ride	tracks
bus	pick	load
train	go	tracks
car	drive	lot
sign	stencil	paint
that	display	meaning
that	have	people
that	have	colors
cat	have	on
cat	wear	hat
cat	wear	hat
which	portray	hydrants
that	say	parking
bus	drive	street
man	hold	dog
train	make	way
group	spectate	cluster
bus	have	part
that	have	signs
people	watch	sheep
bus	drive	road
that	have	picture
signs	give	directions
green	line	roadway
dog	herd	sheep
that	have	signs
giraffes	stand	one
man	hold	bag
that	give	directions
train	enter	station
people	board	bus
people	stand	bags
that	say	city
trees	mark	side
who	ride	horse
that	flash	lights
that	have	sheep
that	fly	sand
oman	move	path
that	have	bananas
group	roam	enclosure
group	ride	horses
people	ride	horses
train	come	tracks
gentleman	wave	flag
woman	steer	boat
that	have	couple
girl	show	bear
pole	have	signs
man	ride	horse
cowboy	ride	horse
couple	feed	sheep
vehicles	show	cars
flock	surround	man
that	read	stops
bus	stop	passengers
people	express	right
children	feed	giraffe
that	have	vehicles
that	warn	goers
that	say	cave
man	have	cats
men	drive	cattle
bright	refurbish	truck
train	come	tracks
woman	walk	dogs
who	use	computer
animal	take	nap
woman	walk	dogs
woman	walk	dogs
man	hold	suitcase
man	carry	suitcase
scene	include	men
men	play	game
girl	take	portrait
woman	take	selfie
elephants	take	drink
who	dye	blue
man	fold	arms
train	cover	tracks
bridge	carry	roadway
woman	hold	umbrella
cows	graze	field
cattle	cross	road
that	serve	dogs
woman	parasol	umbrella
woman	hold	umbrella
that	hold	umbrella
cows	graze	a
cow	have	face
people	carry	umbrellas
man	hold	umbrella
group	carry	umbrellas
boy	dip	hand
guy	pedal	bike
man	ride	horse
people	watch	man
person	move	hay
dogs	take	nap
man	pull	elephant
man	ride	horse
man	drive	taxi
man	catch	frisbee
people	use	rickshaws
street	have	diners
man	feed	elephant
boy	use	keyboard
meter	have	wrap
boy	have	fun
	enjoy	day
guy	sit	table
man	have	foot
man	show	tie
engine	have	checkers
women	hold	umbrellas
group	contain	one
man	push	cart
bottom	show	lots
men	push	carts
man	hold	tie
cow	have	map
goers	set	umbrellas
man	wear	tie
dog	sniff	bat
dog	sit	mattress
people	stand	guard
cows	eat	grass
that	have	commandments
that	sniff	bat
dog	smell	bat
elephants	greet	other
man	hold	drink
group	drink	beer
chip	deliver	van
man	hold	drink
three	cow	black
cows	eat	grass
man	wear	tie
elephants	touch	other
elephants	go	nose
cart	fill	train
dog	examine	something
guy	have	hands
train	belch	smoke
man	play	frisbee
dog	look	window
tie	say	fish
that	have	papers
woman	hold	umbrella
woman	hold	umbrella
truck	load	train
man	play	frisbee
that	come	river
kitten	paw	image
who	catch	frizzebe
we	see	picture
man	throw	frisbee
engine	emit	smoke
cat	place	paw
that	have	tables
people	get	meal
teddy	bear	cake
man	walk	street
herd	cross	river
kitten	poke	paw
person	brush	teeth
woman	tow	luggage
cat	have	intention
men	hold	awards
man	ride	elephant
person	hold	umbrella
that	read	tie
person	brush	teeth
woman	read	book
group	cross	river
man	ride	bike
woman	have	suitcase
woman	throw	frisbee
people	have	fun
train	drive	tracks
table	have	suitcases
deck	have	plenty
surfer	launch	dog
train	approach	signal
train	drive	tracks
man	hold	frisbee
lady	ride	back
all	hold	umbrellas
group	help	elephants
dog	ride	wave
woman	pat	elephant
man	hold	handsaw
people	hold	riding
they	tow	car
doctor	hold	saw
boy	throw	frisbee
elephant	enjoy	drink
truck	transport	truck
cat	stare	eyed
people	pet	elephant
photo	show	someone
cow	get	milk
woman	hold	umbrella
people	train	them
elephant	give	bath
cat	wear	tie
wharehouse	accomodate	array
elephant	chase	dog
man	wear	suit
man	wear	jacket
vehicle	display	plate
man	wear	suit
that	read	milk
elephants	cross	tusks
elephants	wrap	trunks
elephants	eat	leaves
men	wear	hardhats
that	read	georgetown
elephants	face	other
man	wear	tie
stop	sign	sign
man	fix	tie
truck	display	car
that	display	picture
photo	have	city
that	have	lights
cat	watch	picture
president	walk	building
men	ride	elephants
girl	put	flower
boys	ride	elephants
i	see	them
woman	eat	pizza
girl	pin	bouttoniere
cat	wear	hat
red	ride	tracks
one	find	residents
person	hold	bottle
cow	get	milk
umbrella	block	sun
woman	hold	animal
both	hold	umbrellas
that	block	sun
people	do	tricks
man	have	frisbee
collage	show	sets
man	throw	frisbee
photo	show	truck
truck	pull	crate
man	lead	cow
stickers	decorate	briefcase
people	ride	elephants
who	sport	ribbon
all	poke	heads
boat	make	waves
cat	lay	papers
cat	observe	dishwasher
man	shake	hands
men	shake	hands
meters	line	street
man	show	muscles
cat	lick	doughnut
cat	use	laptop
one	hold	luggage
men	shake	hands
woman	hold	purse
that	use	trunk
woman	hold	umbrella
man	walk	path
that	sniff	something
obama	deliver	speech
man	hold	umbrella
person	hold	umbrella
dog	wear	harness
that	contain	equipment
puppy	wear	apparatus
sun	hit	corner
truck	plow	snow
pick	drive	road
i	love	way
person	bear	bottle
person	lift	leg
man	play	frisbee
trucks	drive	street
man	throw	ball
man	play	catch
cow	feed	popsicle
he	have	horns
couple	make	way
cattle	have	pattern
man	cross	street
joke	stop	sign
road	stop	signs
photo	show	men
meter	have	sign
that	have	sign
someone	vandalize	one
person	tie	tie
woman	have	smoke
that	tie	tie
woman	smoke	cigarette
that	smoke	something
woman	smoke	cigarette
photo	show	boat
man	possess	face
that	paint	markings
person	pet	elephant
hand	touch	trunk
that	have	exterior
cat	perch	itself
people	take	cover
herd	walk	street
meter	have	fifteen
cat	watch	clouds
man	wear	tie
that	have	piercings
man	ware	tie
that	have	robot
dog	rest	head
brides	get	standing
person	hold	stick
that	have	bird
train	have	stripe
boy	pull	luguage
bear	hold	bear
boy	pull	suitcase
bears	bite	other
cows	have	horns
men	sell	ties
that	catch	interest
that	have	something
girl	hold	umbrella
woman	pet	cat
that	tell	visitors
vendors	show	selection
girl	have	time
woman	play	frisbee
cat	take	nap
crowd	watch	group
whom	expect	someone
boy	hold	umbrella
cat	curl	paws
tourists	take	photos
truck	pass	intersection
cows	eat	grass
man	have	shirt
man	take	selfie
man	ride	elephant
man	ride	elephants
animal	wear	rope
woman	hold	umbrella
one	hold	frisbee
man	have	flower
elephant	carry	plants
card	show	ship
graffiti	decorate	wall
that	have	writing
woman	hold	umbrella
man	throw	head
elephant	eat	food
that	have	shirt
elephant	hold	leaves
that	hold	umbrella
that	have	tie
bear	have	nose
couple	walk	sidewalk
cat	sniff	keyboard
man	wear	tie
boats	do	job
tugboat	pull	boat
man	hold	umbrella
boat	make	way
woman	show	tatttoos
man	hold	umbrella
men	walk	ox
that	drag	metal
bear	poke	head
man	use	cows
man	have	woman
that	put	trunk
man	hold	heads
man	spray	elephant
man	spray	elephant
man	spray	elephant
who	hose	elephant
man	operate	laptop
a	make	bed
person	leave	footprints
one	hold	umbrella
trees	hide	bear
children	play	game
man	grab	tie
children	play	game
statue	tear	door
that	pull	ties
who	place	luggage
tourist	unfold	umbrella
boats	travel	thames
bears	rip	cars
lady	explain	process
men	pull	umbrella
people	put	suitcases
woman	give	explanation
person	hold	treat
people	offload	baggage
woman	hold	umbrella
group	load	luggage
that	feed	cat
dog	hold	toy
people	hold	umbrellas
pair	kick	ball
train	travel	tracks
woman	take	photos
truck	haul	trailers
woman	hold	umbrella
men	kick	ball
couple	play	ball
men	kick	ball
woman	have	handbag
dog	wear	tie
meter	have	graffiti
that	have	graffiti
cat	drink	something
female	hold	umbrella
man	walk	dog
man	walk	dog
man	walk	dog
male	have	drink
man	walk	dog
woman	carry	packages
that	have	elephant
man	load	suitcases
who	lift	piece
group	take	suitcases
man	unload	luggage
mannequins	display	clothing
elephant	feed	bottle
bear	shake	fur
girl	have	umbrella
man	feed	elephant
girl	hold	umbrella
bear	shake	water
hand	pet	cat
view	show	cubicles
one	reach	head
what	attract	birds
fields	have	cow
group	paddle	canoe
woman	walk	dog
woman	walk	dog
that	have	umbrellas
person	have	bag
man	pet	cat
elephant	lead	elephant
that	press	heads
that	have	glasses
cows	eat	hay
cows	eat	hay
that	have	suit
man	do	trick
woman	watch	elephant
woman	ride	bike
guy	play	guitar
man	play	guitar
that	have	ties
man	play	guitar
woman	ride	bicycle
woman	ride	bike
girl	hold	umbrella
elephant	make	way
men	cross	street
car	pass	elephant
guys	cross	street
boys	create	moves
who	hold	umbrella
that	wear	collar
dog	wear	collar
obama	give	speech
cat	lick	holes
who	hold	umbrella
it	sniff	floor
men	shake	hands
that	ride	horses
teenager	do	wheelie
man	play	frisbee
boy	watch	boy
boy	do	trick
dog	take	nap
woman	sit	ontop
dogs	read	book
fribee	fly	way
boy	do	trick
pitcher	palm	ball
man	ski	mountain
man	ski	slope
pitches	take	mound
woman	walk	horse
woman	lead	horse
woman	lead	horse
skater	attempt	grind
mob	ski	side
skiers	shake	hands
hand	hold	banana
people	shake	hands
skateboarder	do	tricks
zebras	stand	side
player	field	baseball
toy	lie	face
men	play	baseball
skiers	race	other
skiers	climb	snow
zebras	eat	grass
men	ski	cliff
man	do	trick
person	do	jump
skateboarder	attempt	trick
dog	watch	something
market	have	table
skier	clear	jump
man	sell	carrots
man	do	trick
skateboarder	grind	railing
boarder	grind	rail
man	do	tricks
woman	play	frisbee
people	ride	horses
woman	throw	frisbee
group	drink	water
woman	throw	disc
man	perform	trick
bowl	have	apples
people	ride	horses
men	play	sports
platters	display	choices
people	play	game
pitcher	throw	baseball
man	do	tricks
vase	have	horses
dog	open	mouth
boy	catch	ball
boy	stop	him
man	make	way
that	have	lot
group	eat	hay
baskets	display	carrots
chalkboard	fill	background
collage	display	deserts
girl	ride	pony
they	play	game
horse	have	mane
bear	extend	tongue
bikinis	ride	horses
boy	ski	hill
child	do	trick
pears	have	spots
meal	have	brocolli
horse	pull	carriage
that	do	trick
person	ski	slope
skateboarder	grind	board
group	play	frisbee
women	ride	horses
man	take	ride
skateboarder	do	trick
he	hold	orange
man	have	bat
bowls	have	salad
that	do	trick
man	purse	lips
skateboarder	do	trick
equestrians	ride	horses
skier	perform	flip
women	ride	horses
people	ride	horses
one	eat	grass
skateboarder	do	trick
person	ride	horse
group	ski	side
they	ride	horses
dog	watch	plants
men	ride	horses
people	ride	horses
stall	sell	tomatoes
man	hold	fruit
riders	guide	horses
boarder	do	trick
farmer	use	plow
each	hold	frisbee
man	grind	ramp
men	fasten	skis
boarder	do	stunts
that	do	trick
person	ski	slope
woman	hold	horse
horses	guide	them
skateboarder	ride	cityscape
horses	pull	plow
skateboarder	do	stunt
dog	have	frisbee
person	ski	hill
doberman	carry	frisbee
pallet	hold	display
person	ski	hill
person	do	tricks
person	jump	horse
people	play	game
plate	have	sandwich
people	cross	country
person	jump	horse
person	make	jump
people	ride	horses
players	play	frisbee
antilope	eat	grass
person	do	twist
skier	do	trick
people	ride	horses
group	cross	line
man	pack	skies
girl	stand	foot
sun	silhouette	turning
man	use	horses
man	do	trick
guy	ride	board
that	include	lentils
man	do	trick
zebras	eat	grass
woman	ride	ride
woman	ski	path
skateboarder	do	trick
man	use	horses
woman	wear	jacket
man	ski	turn
men	pack	equipment
woman	hold	cake
couple	cast	shadow
zebra	eat	grass
person	ride	skateboard
people	ride	horses
group	ride	horses
man	guide	pony
group	surround	display
rider	ride	horse
skateboarder	perform	tick
skateboarder	do	trick
that	have	bananas
person	do	jump
apples	snap	peas
skiier	jump	mogul
plate	slice	zucchinis
man	take	ride
he	perform	jump
person	ride	horse
board	chop	vegetables
men	ride	horses
boy	ride	horse
skateboarder	do	trick
men	ride	horses
person	perform	jump
snowboarder	do	jump
person	cross	skis
group	ride	horses
man	do	tricks
jockeys	ride	horses
people	cross	country
boy	ride	horse
men	ski	snow
person	ski	hill
male	prepare	frisbee
man	enjoy	day
people	cross	country
bunch	include	tangerines
woman	have	scarf
person	ride	skateboard
who	clean	himself
zebra	suckle	milk
group	eat	hay
batter	miss	baseball
bear	raise	lies
kid	ride	street
tree	die	leaves
bear	have	chin
boy	hold	peel
bears	open	mouths
bears	play	fight
who	eat	banana
person	wear	skis
player	swing	bat
skateboarder	do	trick
chair	have	statue
person	do	tricks
man	ride	skateboard
man	do	trick
group	cross	stream
zebras	cross	stream
man	ride	horse
person	cross	country
person	ride	horse
area	inlude	zebra
man	swing	bat
player	hit	baseball
some	cut	oranges
man	slide	handrail
skateboarder	do	trick
batter	take	swing
grazes	notice	photographer
skier	take	break
kale	get	rays
woman	train	horse
who	use	snowboard
guy	ride	board
that	include	carrots
horses	line	some
men	drive	horses
dog	stick	head
he	teach	boy
man	do	trick
which	include	pieces
that	hold	remotes
that	include	raspberries
people	need	line
man	play	baseball
combination	showcase	types
group	throw	frisbie
zebras	lose	parents
that	include	bananas
group	play	ball
that	include	chicken
group	ride	horses
horses	race	other
people	race	horses
person	do	trick
plate	have	potatoes
that	include	bananas
plate	include	meat
man	make	cut
person	do	trick
they	play	game
woman	ride	skateboard
that	cut	cake
guy	jump	steps
plate	have	pasta
man	preform	trick
people	stick	knives
boy	ride	skateboard
man	do	trick
woman	ski	slope
banana	slice	butter
plate	have	banana
man	spin	frisbee
man	hold	frisbee
zebra	chew	flower
meal	feature	steak
zebras	battle	other
zebra	have	fight
pitcher	throw	pitch
man	eat	food
person	do	trick
child	blow	candles
that	have	wheel
person	ski	slope
man	jump	ramp
people	ride	horses
player	have	hand
zebra	rest	head
woman	hold	bagel
add	cook	vegetables
skier	ski	slope
woman	show	bagel
plate	have	waffle
dish	contain	carrots
player	hold	glove
horse	pull	something
woman	show	bagel
child	hold	frisbee
person	do	trick
one	throw	frisbee
boarder	hang	time
that	have	broccoli
teenager	do	stunts
child	throw	frisbee
hand	hold	carrot
man	do	trick
man	ski	hill
that	feed	carrot
man	squeeze	juice
shirtless	go	ramp
which	have	something
shirtless	do	trick
that	snowboard	hill
men	wear	shirts
that	have	skateboard
slab	hold	fruit
that	have	wheels
that	have	food
man	lace	boots
snowboarder	go	slope
man	jump	board
player	throw	ball
pitch	approach	batter
dish	include	sprigs
sandwich	have	cilantro
bowl	have	broccoli
man	throw	frisbee
man	play	catch
player	swing	bat
game	take	place
man	throw	frisbee
figures	put	skateboards
woman	ski	slope
person	make	way
jeter	swing	bat
skateboarder	flip	board
player	hit	ball
he	hit	ball
game	throw	ball
dogs	chase	other
man	perform	trick
person	ride	skateboard
boys	hit	baseball
that	swing	bat
man	find	frisbee
who	throw	ball
pitcher	throw	ball
men	play	game
people	climb	mountain
group	chase	frisbee
people	climb	side
man	direct	them
rider	ride	horse
person	go	mountain
man	ride	horse
person	ride	horse
girl	ride	horse
that	have	broccoli
person	eat	chilli
boy	ride	skateboard
horse	pull	carriage
guy	wear	pants
that	have	people
skier	make	jump
kid	ride	board
skiers	enjoy	run
men	ride	skateboards
two	hold	frisbee
this	show	view
boys	hold	frisbees
people	hike	mountain
zebras	eat	hay
pot	chop	vegetables
guy	play	baseball
waffle	have	slices
someone	hold	fork
skillet	contain	meat
males	play	frisbee
people	ride	horses
some	cut	vegetables
man	descend	mountain
that	have	pile
man	ski	mountain
woman	ski	hill
skier	descend	slope
guys	play	golf
group	pet	horse
guys	play	game
skier	slalom	hill
that	take	picture
boy	perform	tricks
group	play	game
that	have	kinds
man	take	picture
that	jump	skateboard
person	ride	horse
men	play	frisbee
woman	ride	horse
group	play	frisbee
jockey	ride	horse
woman	ride	horse
plate	hold	salad
people	play	game
man	practice	moves
man	perform	tricks
man	ride	skateboard
skateboarder	do	trick
who	remove	mask
who	throw	baseball
players	have	practice
man	catch	baseball
man	do	tricks
man	prepare	food
family	play	frisbee
person	ride	horse
man	swinge	bat
dishes	have	kinds
children	fly	kite
player	swing	bat
who	hold	glass
woman	wear	black
woman	ski	hill
it	cross	plate
bowls	have	peppers
guy	have	fun
that	have	wine
man	wear	light
giraffe	share	area
man	perform	trip
giraffe	eat	limb
man	ski	slope
people	ski	slope
man	use	phone
plant	have	leaves
someone	eat	it
hand	hold	radish
someone	hold	veggie
person	have	knife
it	wear	collar
players	have	fun
that	make	catch
dog	have	eyes
meal	have	rice
person	ski	slope
couple	pull	contraption
bananas	make	sight
batter	tap	bat
that	ski	slope
men	sell	amount
woman	purchase	food
man	film	another
man	perform	trick
woman	hold	her
person	ski	mountain
tree	have	bunch
man	get	air
men	ride	horses
plate	hold	portion
men	ride	horses
riders	cross	river
person	ride	skateboard
skateboarded	go	jump
men	ride	horses
plant	have	bloom
woman	play	frisbee
orange	join	orange
tray	include	items
skiers	ski	slope
dogs	play	frisbee
child	wear	helmet
someone	cook	fry
someone	cook	vegetarian
skateboarder	attempt	air
skateboarders	do	trick
boy	jump	skateboard
person	jump	gate
that	have	slice
woman	ride	horse
pitcher	hold	arm
that	ride	horse
player	throw	pitch
person	ride	horse
boy	ride	horse
player	throw	pitch
man	perform	tricks
man	do	tricks
zebra	groom	self
man	exit	building
man	throw	frisbee
which	show	reflection
man	toss	frisbee
man	throw	frisbee
woman	make	face
who	wear	glove
that	have	bananas
skater	do	tricks
lady	pass	watermelon
girl	hold	mit
that	hand	fruit
woman	hand	slices
group	leave	trail
woman	hand	package
skiers	do	flip
horse	eat	grass
man	hold	bat
placemat	have	cilantro
person	do	flip
person	do	trick
people	load	horse
people	perform	flips
that	have	zebra
zebras	share	grassland
jump	hon	skis
mules	ascend	stairway
meal	have	side
person	hold	apples
man	serve	apple
person	hold	plate
one	hold	apples
group	walk	steps
that	hold	lime
man	perform	trick
man	perform	jump
man	ride	horse
whose	pet	horse
jockey	ride	horse
that	have	peel
group	hold	frisbees
skateboarder	hold	bottom
bunch	walk	stairs
people	cross	country
that	ride	horse
teams	play	baseball
hand	hold	piece
man	hold	frisbees
horse	chew	ferns
rider	take	horse
they	ski	it
man	guide	horse
that	have	fruit
that	have	types
market	have	variety
man	throw	baseball
dog	get	frisbee
child	eat	apple
team	wear	shirts
that	have	boxes
skateboarder	perform	trick
which	show	people
who	perform	trick
dog	hang	head
dog	catch	frisbee
dog	catch	frisbee
that	take	picture
that	have	food
that	have	skiies
ladies	ride	horses
guy	do	tricks
man	wlak	field
man	cast	shadow
boy	ride	skateboard
guy	take	picture
person	hold	phone
that	have	bunch
woman	hold	phone
littleboy	perform	trick
man	ski	slopes
person	jump	horse
tray	have	sandwich
skier	perform	jump
skier	perform	jump
woman	carry	box
that	have	carrot
man	poke	head
man	slide	slope
woman	hold	carrot
man	throw	frisbee
that	include	soup
teenager	shoot	flames
man	ride	skateboard
that	have	burger
that	have	food
who	perform	tricks
snapshots	do	stunts
bowl	have	meat
man	pet	horse
market	have	items
man	ignite	spray
that	face	directions
jockeys	race	horses
man	practice	tricks
zebras	go	directions
people	ride	horses
that	pull	carriage
group	take	break
that	ski	hill
that	have	neck
another	throw	ball
man	make	jump
couple	ride	horses
plate	hold	broccoli
man	attempt	trick
man	attempt	trick
skier	do	trick
men	play	game
player	hold	bat
bowl	hold	soup
bowl	contain	amount
men	push	horse
man	play	tennis
machine	make	donuts
man	change	bulb
lifeguard	help	boarder
that	contain	lot
who	make	shot
group	play	game
friends	play	game
scene	have	photos
court	have	people
basement	have	people
man	blow	candles
hand	slice	pizza
man	swinge	tennis
man	cut	pizza
crust	cut	pizza
man	blow	candles
men	skate	road
table	have	pizza
surfers	ride	wave
surfers	ride	wave
racket	have	ball
surfer	ride	wave
people	prepare	kind
surfer	carry	board
photographers	take	pictures
woman	prepare	pizza
hand	pull	slice
girl	take	portrait
batter	hit	pitch
man	surf	wave
photographers	snap	photos
person	cut	pizza
group	take	lessons
girl	set	camera
group	carry	boards
toddler	stick	tongue
surfer	ride	wave
surfer	catch	wave
teens	play	games
which	include	onions
woman	celebrate	play
girl	use	brush
woman	hold	baby
girls	play	soccer
girl	hold	baby
boys	kick	ball
boys	play	game
man	play	tennis
plate	contain	sandwich
woman	play	tennis
sandwich	dominate	plate
men	shake	hands
woman	serve	ball
players	shake	hands
players	face	other
man	ride	wave
woman	hit	ball
man	hold	slice
nightstand	hold	class
man	hold	racket
that	have	lamp
men	shake	hands
person	parachute	surfing
cake	await	guests
women	take	bite
surfer	killin	it
boy	play	soccer
skateboarder	do	trick
surfer	catch	waves
skateboarder	turn	board
person	pick	piece
man	balance	himself
someone	hug	him
women	take	bite
people	enjoy	day
bedding	create	environment
player	hit	ball
girls	share	bite
lady	take	shot
player	swing	racket
that	eat	food
cake	have	frosting
cake	feature	island
surfer	ride	board
woman	eat	food
man	dodge	waves
people	hold	skis
one	hold	racket
man	hold	toothbrush
people	attend	event
table	have	dog
boy	ride	wave
girl	play	tennis
man	hold	racket
people	carry	snowboards
man	eat	dog
that	eat	food
cake	have	flowers
man	take	picture
surfer	carry	board
spectators	watch	competition
man	hold	dog
match	take	place
people	cross	road
girls	have	fun
fork	surround	plate
girl	take	bite
man	surf	wave
children	play	soccer
surfer	ride	wave
woman	ride	dolphin
he	play	tennis
person	eat	pastry
player	make	shuffle
man	take	picture
woman	ride	nose
men	play	soccer
baby	have	hand
man	photograph	pizza
woman	walk	water
player	serve	ball
person	watch	television
he	type	something
monitor	display	screen
surfer	ride	board
player	strike	ball
hald	eat	corn
couple	hold	member
men	hold	man
girls	hold	donuts
workstation	feature	monitors
male	wear	tennis
mates	lift	one
child	brush	teeth
child	hold	dogs
person	hold	dog
man	reach	racket
guy	throw	ball
kid	hold	dogs
one	hold	cake
child	hold	toothbrush
desk	have	monitors
boy	hold	couple
girl	brush	teeth
parent	serve	dog
snowboarder	grab	board
snowboarder	finish	run
man	wake	boarding
girl	have	plate
man	throw	balls
teams	lift	players
girl	hold	racket
girls	look	the
children	play	game
plate	contain	items
girls	hold	doughnuts
player	hold	racket
player	return	ball
a	make	space
children	hold	doughnuts
some	drink	plates
table	have	plate
group	hold	people
table	have	cup
person	ride	hill
plate	have	pizza
peeson	eat	pizza
lady	make	gestures
team	celebrate	players
half	eat	sandwich
man	surf	wave
children	ride	surfboards
child	brush	teeth
donuts	fill	table
surfer	steady	move
that	wipe	eye
boarder	take	wave
boy	hold	racquet
man	hold	plate
woman	show	delight
room	have	chairs
who	brush	teeth
instructor	teach	girl
man	snowboard	hill
men	play	wii
woman	ride	hill
man	show	sandwiches
man	carry	surfboard
boy	ride	board
woman	play	tennis
boy	play	games
picks	rub	eye
cake	have	pond
women	play	game
man	take	picture
woman	surfs	wave
child	hold	racket
man	take	picture
table	have	cupcakes
woman	ride	waves
child	play	game
man	play	tennis
hand	hold	bitten
man	play	soccer
person	hold	doughnut
area	feature	mirror
salad	make	lunch
player	take	swing
that	include	pizza
cake	display	words
woman	play	tennis
person	hold	doughnut
man	swing	racket
woman	slice	cake
one	cut	cake
couple	enjoy	pizza
person	hold	doughnut
woman	eat	donuts
man	hold	pizza
that	return	serve
young	enjoy	cake
woman	eat	piece
man	take	swing
man	ride	skateboard
guy	ride	skateboard
woman	cut	cake
computer	sit	setup
waitress	hold	pizza
man	hold	pizza
toddler	eat	cake
utilizing	cement	structure
guy	take	aim
large	make	bed
bedroom	have	wall
who	ride	wave
bed	have	pillows
desk	have	computer
man	swinge	racket
woman	brush	teeth
woman	hold	baby
which	have	missing
man	play	tennis
boys	play	indoors
boys	play	tennis
donuts	fill	plate
that	contain	sandwiches
children	play	game
room	have	bed
men	get	food
which	hold	bread
game	have	device
each	hold	something
that	have	frame
that	have	frame
pizza	have	olives
woman	hold	dog
man	brush	teeth
people	eat	pizza
kids	ride	surfboards
guy	flip	skateboard
boy	perform	stunt
they	slice	cake
wood	panel	walls
that	include	pickles
woman	hold	slice
mean	play	tennis
people	play	game
herb	top	pizza
room	make	beds
advertisement	depict	male
boys	play	volleyball
adidas	feature	players
man	hit	ball
girl	glide	hill
adidas	show	players
person	hold	tomato
man	swinge	racket
surfer	ride	wave
lunchbox	have	sandwich
person	do	trick
woman	hold	racket
woman	hide	face
woman	brush	teeth
teeth	hold	hand
woman	play	game
man	do	trick
couple	have	sandwiches
man	ride	surfboard
player	grip	racquet
people	play	tennis
room	show	collection
someone	hold	plate
plare	take	swing
that	sell	fruit
man	ride	wave
man	ride	surfboard
that	sell	bananas
woman	play	game
man	watch	waves
man	ride	surfboard
boards	adorn	windows
surfboards	line	windows
woman	play	game
who	hold	racket
players	have	confrontation
bride	cut	cake
player	hit	ball
he	catch	wave
player	lift	skirt
woman	hit	ball
surfer	take	spill
surfer	lose	balance
woman	play	game
male	surfer	skills
bear	watch	player
person	ride	wave
man	ride	wave
one	have	sprinkles
guests	mess	room
player	show	excitement
females	hold	donuts
who	brush	teeth
player	hold	racket
person	ride	surfboard
child	brush	teeth
surfer	ride	end
man	hold	surfboards
teams	kick	ball
man	hold	surfboards
man	make	splash
woman	ride	wave
man	ride	wave
man	hold	knife
couple	cut	cake
woman	consider	waves
woman	surf	wave
person	surf	wave
men	play	soccer
people	carry	surfboards
table	have	meat
bride	cut	cake
man	ride	waves
man	ride	surfboard
plate	have	pizza
woman	brush	teeth
greens	dry	tomatoes
machine	make	bagels
wild	ride	waves
man	present	cake
baby	hold	toothbrush
surfer	ride	wave
surfer	catch	wave
man	hand	cake
person	hold	hand
girl	brush	teeth
that	have	food
person	do	trick
child	hold	toothbrush
woman	hold	racket
baby	hold	toothbrush
girl	brush	teeth
woman	play	game
that	hold	book
woman	raise	torch
man	ride	surfboard
who	perform	trick
snowboarder	do	flip
man	swinge	racket
woman	inspect	features
boy	ride	wave
he	ride	board
man	hold	paddle
man	lift	weight
bed	have	pillows
oven	contain	dish
surfer	ride	wave
man	wear	robe
toddler	brush	teeth
boy	brush	teeth
plates	have	food
that	have	toothbrush
that	have	sandwich
that	have	racquet
surfer	surfs	wave
man	ride	board
people	play	match
girl	play	tennis
players	shake	hands
fryer	have	rows
that	hold	lot
players	shake	hands
people	shake	hands
that	have	pieces
that	have	kinds
that	have	sandwich
sandwich	have	meat
woman	watch	her
table	have	sandwich
women	hand	cake
man	serve	ball
people	eat	pizza
person	ride	wave
boy	blow	candles
that	sit	plate
that	serve	ball
that	have	prices
person	hold	pastry
guy	do	tricks
some	do	nuts
women	sell	cakes
she	hit	pall
surfer	reach	peak
baker	place	goods
that	have	socks
woman	read	something
that	miss	slice
woman	sit	pizza
girl	eat	slice
surfer	ride	wave
guys	catch	waves
friend	wave	oceans
man	hold	child
chair	have	pillow
man	play	tennis
surfer	do	trick
people	hold	controls
headphones	play	game
who	hold	girl
people	play	game
snowboarder	do	trick
person	snowboard	slope
person	hold	hands
surfers	catch	waves
man	ride	wave
surfer	ride	waves
bride	cut	cake
surfer	ride	wave
group	ride	waves
that	say	8:25
person	ride	wave
person	ride	wave
man	ride	wave
man	surf	wave
person	prepare	surfboard
person	ride	wave
surfer	ride	wave
man	play	tennis
man	play	game
vendor	serve	hotdog
woman	put	dog
that	have	lot
boy	ride	wave
boy	hold	control
man	stuff	dog
boy	ride	board
that	have	scarf
bear	have	handkerchief
man	hold	plate
people	play	game
kid	wear	blanket
man	open	box
kid	hold	box
boy	hold	pizza
that	have	tinfoil
child	hold	box
i	want	pizza
person	do	trick
couple	play	games
group	get	food
he	get	ball
couple	surround	sandwich
that	have	lot
man	surf	wave
he	finish	meal
boy	bounce	ball
player	throw	ball
hotel	have	tv
plates	have	tortillas
table	hold	items
man	ride	wave
dish	sit	glasses
instructor	teach	students
couple	walk	shoreline
husband	take	pictures
table	have	arrangement
people	have	boards
photographer	take	photos
person	prepare	dog
that	have	ketchup
skateboarder	do	trick
boys	enjoy	pizza
player	play	tennis
sandwich	feature	portion
woman	return	volley
egg	top	pizza
man	hold	racket
skateboarder	do	jump
man	offer	slice
person	show	racket
man	carry	surfboard
jacket	hold	racket
that	hold	surfboard
man	watch	tv
man	hold	racket
that	have	something
person	watch	tv
people	bring	boat
bread	have	meat
couple	kick	ball
busuit	have	piece
boys	play	soccer
skateboarder	do	tricks
he	perform	stunt
case	show	sandwich
player	hit	ball
bunny	hold	brush
that	have	brush
mens	double	tournament
man	use	board
woman	feed	food
men	play	match
woman	feed	toddler
woman	hit	ball
people	play	tennis
people	play	game
him	eat	dog
man	play	game
woman	eat	dogs
boy	grip	ball
women	eat	dogs
woman	hold	fork
that	ski	field
women	eat	dogs
player	serve	ball
that	have	plates
someone	order	piece
youth	hold	ball
man	swinge	racket
it	have	blood
that	have	fruit
man	play	tennis
that	hold	phone
that	play	wii
that	cut	cake
group	play	wii
woman	play	tennis
boy	ride	skateboard
women	play	wii
boy	chase	skateboarder
that	have	toppings
man	ride	wave
man	film	boarder
group	cut	cake
person	eat	food
girl	put	hand
snowboarder	do	trick
men	enjoy	pizzas
diners	enjoy	sandwiches
woman	swing	racket
guy	show	prowess
he	hold	skateboard
bed	carry	sheets
that	hold	toothbrush
child	brush	teeth
man	have	injuries
man	have	cuts
kid	brush	teeth
woman	hold	racket
that	brush	teeth
that	hold	variety
player	swing	racket
heart	shape	cakes
that	return	ball
man	rest	head
man	hit	ball
box	contain	donuts
bride	cut	cake
that	eat	pizza
couple	cut	cake
box	contain	donuts
that	hold	tray
man	hold	patter
person	make	sandwich
they	ski	mountain
that	have	one
man	ride	wave
he	play	game
that	have	food
woman	swinge	racquet
that	play	game
teams	play	soccer
woman	prepare	sandwich
kid	do	trick
people	have	surfboards
person	prepare	sandwich
person	hold	cookie
woman	hold	device
boy	play	game
person	ride	ramp
that	have	tv
that	have	ramp
group	play	game
blanket	hold	remote
that	have	cream
kid	show	pizza
people	select	donuts
man	eat	dog
man	eat	doughnuts
man	surf	wave
man	ride	wave
people	eat	doughnuts
people	ride	surfboards
woman	pick	sweets
people	ride	waves
pizza	include	ingredients
images	show	table
who	ride	wave
store	make	doughnuts
surfer	ride	wave
man	eat	hotdog
who	put	dog
man	do	tricks
boy	ride	bowl
woman	ride	wave
boy	eat	holes
cookie	have	fruit
woman	take	picture
that	have	cake
man	hold	parasail
men	hold	surfboard
trio	drink	wine
who	take	picture
group	drink	wine
man	ride	surfboard
wave	carry	surfer
man	surf	wave
surfer	ride	face
that	have	doughnuts
bed	have	controls
lady	hold	controller
woman	hold	tennis
lady	use	controllers
people	ride	wave
that	have	wii
group	play	soccer
boarders	run	track
racket	leave	arm
that	eat	kind
woman	hold	controller
man	hold	racquet
a	make	table
boards	towel	chairs
that	have	table
room	have	table
that	have	vase
guy	surf	wave
that	have	lady
surfers	catch	waves
player	swinge	racket
man	play	tennis
man	hold	plate
man	make	volley
surfers	ride	waves
that	have	food
men	ride	surfboards
man	throw	ball
man	carry	bag
group	serve	pizza
man	play	boxing
group	eat	pizzas
girl	hold	racket
surfers	ride	waves
girl	hold	racket
man	hold	racket
fancy	color	toothbrush
that	hold	racket
that	have	stove
group	get	food
person	eat	pizza
skier	approach	bar
man	play	tennis
child	brush	teeth
man	hold	racket
that	have	racket
that	have	guy
person	ride	waves
man	reahce	arms
man	hold	bat
trade	show	visitors
man	hold	bat
spectators	play	game
team	return	volley
players	play	couples
crowd	fly	kites
match	take	place
man	hold	controllers
tv	have	pictures
clock	display	time
that	have	sign
towel	cover	tv
kid	point	camera
that	have	nothing
pizza	have	slices
boy	record	performance
children	share	laptop
children	use	laptops
people	fly	kite
door	have	papers
woman	help	boy
cabinet	have	assortment
that	have	patterns
batter	hit	ball
hand	hold	tag
hand	point	remote
player	swing	bat
that	have	clock
you	see	bedroom
man	place	item
man	swinge	bat
gentleman	remove	food
people	have	fun
sets	hold	phone
group	fly	kites
pitcher	launch	ball
men	hold	phones
people	bump	phones
birds	roll	beach
microwave	have	board
man	fly	kite
boy	swinge	bat
girls	pay	game
girls	play	wii
girl	play	system
boy	play	baseball
group	play	wii
that	come	oven
monitor	show	image
man	use	laptop
snow	cover	street
man	run	bases
children	fly	kite
girl	play	game
girls	play	game
plate	top	chicken
clock	mark	position
room	utilize	stove
people	play	tennis
people	play	tennis
clock	show	time
chef	pull	pizza
girl	use	control
everyone	use	devices
man	prepare	food
girls	play	tennis
that	feature	buildings
person	slice	pizza
guest	enjoy	himself
man	serve	ball
player	play	tennis
women	play	singles
player	stick	hand
man	hold	hand
people	play	tennis
woman	throw	ball
children	make	pizzas
man	play	tennis
woman	give	bottle
player	serve	ball
girls	make	pizzas
corner	have	clock
boy	make	pizzas
men	play	game
that	have	clock
athletes	play	game
women	play	baseball
that	have	clock
screen	have	colors
women	play	ball
pair	play	games
room	paint	red
men	play	game
room	paint	beige
people	play	baseball
woman	play	game
wall	have	clocks
woman	crochet	case
crowd	fly	kites
child	have	helmet
clock	show	time
women	bake	turkey
hand	hold	cover
woman	have	smartphone
officer	use	phone
room	witj	couch
man	fly	kite
that	fly	plane
guy	show	guy
people	play	game
woman	hold	slice
display	form	centerpiece
men	hold	controllers
people	play	game
man	fly	kite
animal	depict	bear
people	fly	kite
kids	play	baseball
man	fly	kite
people	play	game
that	play	game
men	play	game
boy	swing	bat
hand	hold	smartphone
hand	hold	iphone
player	hit	ball
tower	have	pole
hand	hold	iphone
player	swinge	bat
player	set	racket
man	hold	phone
it	display	message
statue	hold	kite
side	have	clock
that	have	windows
people	fly	kites
woman	examine	cellphone
woman	point	drier
person	fly	kite
man	eat	talking
woman	check	phone
woman	stand	something
look	telegraphs	error
boy	have	helmet
crowd	watch	try
that	have	room
that	include	laptop
man	hold	bat
woman	brandish	dryer
woman	hold	dryer
kitchen	have	cabinets
who	hit	ball
group	fly	kites
player	hit	ball
space	include	kettle
that	have	tree
man	hit	baseball
women	take	turkey
man	check	phone
clock	tell	time
woman	play	game
men	walk	directions
70s	theme	room
woman	take	portrait
pen	sit	side
man	have	face
people	fly	kites
children	play	baseball
woman	take	portrait
people	fly	kites
woman	take	picture
sign	advertise	room
sign	have	bear
player	take	swing
ladies	take	turkey
players	play	baseball
couple	play	baseball
woman	throw	ball
people	fly	kites
group	fly	kites
cameras	capture	player
girl	play	game
tower	have	vane
girl	play	videogame
steeple	have	piece
baby	hold	poles
man	fly	kite
man	poke	head
she	have	something
boys	play	game
vase	hold	arrangement
cup	hold	scissors
that	hold	ben
people	fly	kites
that	chew	something
man	play	game
man	play	game
man	hold	controllers
player	cross	plate
guy	hold	bat
room	have	balloons
women	play	game
it	have	mouse
player	take	stance
boy	carry	animal
child	hold	controllers
lady	wear	dresses
woman	eat	pizza
person	hold	piece
she	down	piece
group	fly	kites
boy	have	hairbrush
that	have	clock
players	look	plate
player	swinge	arm
that	have	rocks
player	swinge	bat
someone	operate	mouse
pitcher	throw	baseball
that	have	clock
group	fly	kites
boy	play	wii
people	fly	kites
people	use	glides
man	fly	kite
people	fly	kites
tower	display	clock
boy	play	game
area	feature	couch
men	play	games
student	show	phone
people	fill	area
people	fly	kits
man	fly	kite
person	dry	hair
person	press	button
building	have	tower
batter	take	swing
man	play	tennis
girl	fly	kite
woman	fly	kite
batter	await	pitch
mother	fly	kite
group	play	baseball
player	swinge	bat
woman	hold	phone
people	fly	kite
woman	fly	kite
wall	mount	clock
men	play	game
case	hold	feathers
man	answer	phone
that	read	8:29
clock	read	2:30
hart	shape	sculpture
heart	shape	jar
slices	garnish	topping
man	take	photo
pitcher	throw	ball
players	cub	teams
child	eat	food
you	see	shadows
man	take	video
woman	have	headphones
boy	hang	kites
man	photograph	city
woman	show	something
people	fly	kite
women	play	game
girls	play	system
that	include	tomatoes
that	replace	numbers
man	play	tennis
player	practice	swing
man	use	laptop
woman	hold	phone
woman	hold	cellphone
building	have	tower
man	hold	phone
that	include	cellphone
man	take	pictures
girl	hold	her
you	hunky	player
women	use	phone
that	have	clock
person	play	tennis
man	swinge	racket
room	have	television
man	throw	ball
player	serve	ball
image	have	clock
that	have	computer
station	have	ceiling
woman	hold	racket
woman	play	tennis
girl	hold	brush
girl	brush	hair
woman	play	games
that	play	movie
vase	hold	flowers
girl	grab	hair
man	hold	phone
boy	swing	bat
males	have	cellphone
sofa	have	people
teammates	take	swings
woman	hold	parts
person	play	game
refridgerator	have	things
computer	display	screen
that	reflect	room
woman	put	kite
room	have	couch
woman	play	games
someone	play	game
plate	have	bread
girl	wear	belt
player	grab	ball
group	fly	kites
people	fly	kites
people	enjoy	games
bear	stuff	animal
person	hold	device
players	watch	batter
people	fly	kite
woman	take	picture
one	have	flowers
room	have	couches
one	have	flowers
man	hold	bat
some	window	tables
player	swinge	bat
that	have	light
woman	play	game
room	have	furniture
hand	hold	cd
that	have	oven
that	hold	phone
someone	hold	phone
man	hit	ball
that	read	handle
umpire	officiate	game
that	holdng	racket
boy	swing	bat
kid	play	game
players	play	baseball
group	play	game
lady	play	game
images	show	preparation
someone	hold	kite
that	have	figures
room	have	windows
man	para	glides
man	hold	strings
person	observe	them
windsurfer	watch	people
that	have	bunch
that	show	vase
friends	have	time
people	play	game
group	fly	kites
boy	hit	ball
girl	watch	laptop
microwave	close	clock
women	play	game
man	fly	kite
chrome	color	toaster
laptop	have	player
that	have	clock
who	play	games
four	side	clock
bears	have	crowns
that	sell	bears
man	blue	kite
woman	show	pizza
lady	hold	pizza
woman	show	pie
people	have	meeting
that	record	meeting
room	have	fireplace
woman	hold	drink
she	hold	glass
group	play	games
boy	hold	controller
woman	hold	flute
who	play	tennis
man	use	pair
kitchen	have	fridge
someone	hold	bear
male	take	pictures
students	check	phones
man	take	selfie
player	hit	ball
man	fly	kite
people	search	phones
woman	hug	mouse
man	take	photo
man	take	selfie
one	own	bear
who	take	picture
woman	use	phone
room	have	table
man	fly	kite
hands	hold	silverware
people	play	game
that	have	pizza
a	double	match
vase	hold	flowers
group	fly	kites
gold	trim	clock
people	fly	kites
man	hold	stuff
everyone	see	it
person	hold	cellphone
man	hold	bat
men	play	games
that	wear	mask
women	play	tennis
friends	play	other
hand	hold	cellphone
men	play	console
building	have	clock
that	hold	kind
that	have	clock
that	have	bear
phone	have	features
group	eat	pizza
all	eat	pizza
players	play	baseball
woman	play	tennis
players	play	baseball
that	read	pub
vendor	have	lots
images	form	picture
tray	have	pastry
kid	swinge	bat
people	enjoy	themselves
person	hold	racket
man	show	kite
man	hold	object
tower	have	clock
room	have	bookcase
desk	have	monitors
desk	have	monitors
kid	hold	stick
boys	play	baseball
room	contain	bookshelf
that	have	picture
that	have	clock
individual	do	something
boy	hit	ball
being	do	something
people	fly	kite
person	take	photo
guy	play	wii
people	play	game
individual	have	time
somebody	leave	top
man	play	wii
man	take	picture
individual	do	something
device	display	message
room	have	guitars
all	use	phones
group	have	meal
lady	ride	bike
people	fly	kites
desk	have	laptops
classroom	have	letters
woman	serve	ball
girls	play	games
man	hold	controllers
man	play	game
pair	play	game
woman	use	phone
kerttui	show	12:44
people	play	game
man	walk	beach
man	play	videogame
that	have	people
game	take	place
people	play	tennis
man	play	games
room	have	couch
river	have	buildings
that	have	television
woman	try	fit
boy	play	tennis
player	swinge	bat
person	water	plants
man	play	game
that	have	sculptures
man	fly	kite
people	hold	kites
people	watch	parasailing
each	hold	pizza
bear	hold	stick
group	fly	kites
man	hold	bat
bear	hold	stick
girl	fly	kite
man	fly	kite
help	get	kite
woman	fly	kite
boy	fly	kite
who	hold	kite
person	hold	smartphone
who	hold	bat
that	have	food
boy	fly	kite
he	fly	kite
woman	take	picture
man	throw	ball
one	fly	kite
man	hold	door
that	fly	kite
person	fly	parasol
woman	use	laptop
man	help	player
man	help	athlete
woman	prop	computer
who	hold	bat
player	play	tennis
player	grab	bat
player	eye	ball
that	have	tower
that	have	furniture
feet	leave	ground
pizza	miss	slice
that	hit	ball
bear	sit	group
people	fly	kites
room	feature	furniture
people	fly	kites
who	fly	kites
player	hit	ball
that	have	rack
room	have	couches
room	feature	colors
fridge	have	eggs
bunch	hold	kites
refrigerator	have	drink
men	use	all
people	play	game
men	carry	kite
father	take	selfie
that	carry	kite
people	play	games
backsplash	cover	wall
man	hold	cellphone
man	hold	iphone
that	have	computers
desk	have	monitors
someone	make	drink
that	play	tennis
man	hit	ball
that	have	walkway
that	hold	baby
people	fly	kites
woman	peak	pile
room	have	posters
legs	propel	her
that	have	clock
tower	feature	walkway
woman	strike	ball
building	have	tower
photo	show	ways
tower	line	pool
man	hold	child
sign	have	letter
owner	use	laptop
that	have	collar
that	hold	kite
who	hold	parachute
boy	swinge	bat
building	have	clock
keyboard	have	objects
screen	display	image
boy	swinge	bat
player	hold	bat
cathedral	have	clocks
player	approach	plate
desk	have	monitors
that	show	view
room	have	flight
teddy	bear	clothing
closeup	show	chair
man	hold	cellphone
that	have	refigeratator
that	have	kind
girl	play	game
girl	play	game
girls	play	game
boys	read	books
that	have	clock
gentlemen	hold	kite
that	have	clock
that	have	couches
man	make	face
that	have	vegetables
man	swing	glider
man	hold	crust
room	paint	color
man	hit	ball
he	hold	piece
that	have	couple
boy	play	game
room	have	walls
man	give	thumbs
room	have	wall
that	have	plates
that	have	food
room	show	glimpse
wall	surround	graveyard
that	have	clock
clock	have	name
which	have	atm
woman	take	notes
that	read	atm
man	stir	something
man	hold	bowl
woman	play	tennis
pair	fly	kite
man	swinge	racket
who	take	bath
that	have	food
that	have	items
people	fly	kite
player	swing	bat
girls	play	wii
kneels	prepare	kite
person	hold	cd
people	fly	kite
player	take	swing
people	fly	kites
people	fly	kites
man	use	chopsticks
he	hold	baby
baby	get	haircut
shop	get	haircut
group	have	meal
men	hold	glasses
vase	hold	tulips
man	do	toast
man	toast	glasses
building	have	pole
man	wear	scissors
bartender	open	bottle
man	pour	glass
guests	enjoy	glass
man	take	picture
man	take	photograph
fence	have	bear
that	open	bottle
bartender	open	bottle
that	have	teeth
woman	hug	bear
bear	wear	teeth
woman	hold	animal
that	include	chicken
man	pour	drink
that	have	plates
person	open	package
person	remove	packaging
someone	open	product
person	remove	object
that	include	hashbrowns
children	have	snack
hand	paint	urn
that	include	corn
pole	have	clock
table	have	flowers
boy	ride	bike
children	enjoy	meal
vase	have	rose
that	eat	food
woman	lick	lips
woman	catch	guard
woman	eat	meal
girls	hold	bear
vase	have	flowers
teddy	bear	one
one	wear	shirt
girls	cook	asparagus
girls	cook	beans
bears	lay	side
diners	enjoy	beverages
that	include	shrimp
downward	angle	picture
styrofoam	flip	container
that	have	flowers
child	hold	bowl
woman	sit	table
plate	fry	eggs
men	enjoy	wine
box	contain	breakfast
that	hold	animal
bowl	have	soup
she	make	cigars
women	have	glass
group	gather	glass
they	hold	glasses
who	hold	glasses
that	have	plate
pizza	have	plates
plate	have	bowls
table	have	burners
people	eat	meal
shelf	hold	vases
unit	have	cups
lunch	include	drink
men	eat	breakfast
group	share	meal
that	have	flowers
man	pour	glass
man	pour	types
that	pour	glass
he	have	food
that	have	hand
person	hold	dryer
woman	hold	dryer
bear	sit	side
group	read	menu
bear	share	picture
that	have	ribbon
people	hold	glasses
hands	toast	glasses
that	hold	glasses
that	have	food
that	have	bowl
